Fertility,Magma_Series,Al,As,Au,Ca,Co,Cr,Cu,Fe,K,Mg,Mn,Na,Ni,P,Pb,S,Sb,Si,Te,Ti,V,W,Y,Zn
1,K,65624.16634,1480,0.067,48813.55207,46,10,92,98970.25673,3486.624204,22796.27884,2942.937694,26632.49435,54,480.0197266,0,4600,2.16,222046.0975,0.01,9949.192438,450,4,34.3,116
1,K,16564.80973,967,14.35,26086.30528,59,1510,9,45113.65059,6724.203822,90159.88588,774.4572878,1186.963537,869,0,0,100,17.2,239342.3199,0.09,899.023413,83,8,3,27
1,K,26831.8164,369,4.09,28373.32382,73,1930,24,58892.54853,3071.549894,87144.50509,1084.240203,1557.889642,1175,0,2,100,9.58,238874.8544,0.07,1558.307249,115,6,6,62
1,K,23921.06709,1080,0.846,33304.70756,69,1900,23,57843.39386,7388.322718,121821.3843,929.3487454,667.6669894,1010,0,0,2800,2.66,166417.7068,0.2,1198.697884,104,8,4.8,50
1,K,31330.24716,76.8,0.255,120068.4736,100,2670,74,59242.26675,83.014862,69655.29645,2865.491965,148.3704421,1195,87.27631394,7,300,0.36,165950.2413,0.03,1917.916614,145,11,4.4,112
1,K,24291.52609,63.4,0.263,37950.21398,68,1830,30,56094.80276,1494.267516,114886.0084,929.3487454,6083.188125,1010,0,3,3100,0.79,166417.7068,0.07,1438.437461,103,7,5.6,56
1,K,29213.33856,280,1.135,45025.6776,70,2130,81,65187.47652,9878.768577,104030.6376,1084.240203,1409.5192,791,0,0,6400,3.5,156133.4665,0.03,1738.111932,125,10,6.3,47
1,K,29795.48843,250,1.18,52029.6719,56,2110,38,57283.84471,12037.15499,80209.12925,851.9030166,1186.963537,489,43.63815697,2,13400,16.2,192128.3075,0.12,1678.177038,138,24,5.6,40
1,K,22121.69478,849,7.46,29016.54779,62,1770,15,50429.36756,2407.430998,99809.10444,774.4572878,296.7408842,951,0,2,1800,3.38,224383.4249,0.24,1078.828096,97,9,4.1,51
1,K,22597.99922,1235,0.089,30517.40371,83,2250,22,63998.43456,9878.768577,123027.5366,1161.685932,593.4817683,1185,0,0,300,15.55,148654.019,0.35,1498.372355,119,10,6.1,78
1,CA,37045.90035,370,0.025,77544.22254,103,3080,46,74140.26299,3486.624204,35581.49343,3872.286439,18917.23136,1200,43.63815697,0,3700,161,208489.5989,0.02,2397.395768,159,5,5.8,75
1,CA,38739.42723,646,0.028,73256.06277,63,2300,18,62459.67439,10376.85775,121218.3081,1006.794474,11053.59793,661,0,2,0,16.9,80637.79331,0.07,1857.98172,144,23,6.9,50
1,CA,19898.94076,1085,3.2,43381.88302,68,1890,17,53856.60614,2739.490446,110966.0134,1006.794474,3857.631494,1100,0,0,0,48.1,167352.6377,0.09,1138.76299,99,7,4.1,57
1,CA,19105.10004,1090,13.8,58176.03424,68,1690,12,50779.08579,166.029724,100412.1806,1006.794474,593.4817683,1095,0,0,400,30.4,182311.5327,0.07,1018.893201,101,7,3.7,43
1,CA,38104.35465,131,1.14,70325.82026,90,2180,62,72041.95366,0,95587.57132,929.3487454,74.18522104,768,43.63815697,0,7100,0.64,174364.6197,0.09,2157.656191,166,21,7.9,50
1,CA,28472.42056,242,0.315,39736.94722,76,2140,41,65117.53287,2075.37155,107950.6326,1239.131661,4228.557599,1095,43.63815697,2,3400,6.41,169222.4996,0.09,1618.242143,118,5,6.1,63
1,CA,31647.78344,692,6.28,38807.84593,76,2150,208,67006.01127,0,102824.4852,1084.240203,445.1113262,1080,218.1907848,0,4200,3.92,195868.0313,0.08,1798.046826,137,8,7.9,44
1,CA,31065.63358,309,2.96,43524.82168,79,2230,58,70992.799,83.014862,107649.0945,1239.131661,1706.260084,1015,87.27631394,0,1600,1.06,175767.0161,0.02,1917.916614,136,10,6.6,77
1,CA,32812.08317,10000,1.515,97198.28816,67,2820,63,121701.9411,7388.322718,35883.03151,4646.743727,7789.448209,702,87.27631394,0,20900,6.77,138369.7787,0.15,2157.656191,161,16,12.9,60
1,CA,17464.49588,49,0.561,24013.69472,71,1520,14,48261.11459,3735.66879,98904.4902,774.4572878,1409.5192,936,0,0,1600,3.64,217371.4428,0.04,899.023413,76,6,3.4,78
1,CA,20004.78619,677,0.281,19368.1883,53,1710,17,52247.90232,8052.441614,89858.3478,851.9030166,1112.778316,598,0,0,600,5.85,232330.3378,0.03,1078.828096,93,6,4.2,54
0,CA,15876.81444,1020,0.118,21011.98288,60,1560,14,47072.07264,2407.430998,107347.5564,697.0115591,2819.038399,1025,0,0,0,17.65,213164.2536,0.22,899.023413,75,8,3.6,51
0,CA,26673.04825,706,0.18,64465.33524,75,2170,46,67915.27865,1328.237792,95587.57132,1548.914576,4822.039368,1055,43.63815697,0,900,14.05,163145.4485,0.02,1678.177038,122,2,5.5,69
1,CA,22650.92193,3.7,0.021,49599.71469,76,1790,22,60501.25235,0,126645.9935,1084.240203,0,1275,43.63815697,3,0,0.67,154263.6046,0.02,1198.697884,96,1,4.5,51
1,CA,53451.94194,134.5,2.36,130074.1797,38,570,82,78686.59987,0,94381.419,1858.697491,74.18522104,418,392.7434127,4,10600,0.47,101440.0067,0.26,7012.382622,319,27,13.7,80
1,CA,15559.27815,440,29.8,56818.11698,45,1230,30,42805.51033,1826.326964,39260.258,1316.577389,222.5556631,610,130.9144709,0,900,7.19,296373.107,0.07,958.9583072,71,10,3.3,28
1,CA,13495.29227,784,0.164,73613.40942,40,1140,3,38888.66625,4482.802548,74781.44381,1006.794474,1112.778316,598,0,0,500,10.55,202880.0133,0.06,779.1536246,63,5,2.7,25
1,CA,7091.643782,325,25.9,38093.15264,19,570,15,20983.0933,1992.356688,33470.72687,542.1201015,519.2965473,276,0,0,1000,4.84,345924.4467,0.03,359.6093652,29,2,1.5,23
1,K,66153.39349,2.9,0.26,67109.70043,41,10,92,102817.1572,1411.252654,20444.28182,2942.937694,23813.45595,44,523.6578836,3,1600,0.33,214099.1846,0.01,10128.99712,444,1,34,101
1,K,25085.36681,17.3,0,106131.9544,82,2170,51,62809.39261,83.014862,76289.13421,1394.023118,74.18522104,1220,43.63815697,0,500,1.46,164080.3794,0.02,1678.177038,123,1,4.4,62
1,K,17199.88231,8.2,0,251572.0399,67,1520,35,36230.80776,83.014862,23399.355,4104.623626,0,1010,43.63815697,0,1100,0.14,107517.0577,0.02,1138.76299,85,1,7.7,42
1,K,64036.4849,73.7,0.003,36449.35806,45,10,88,88828.4283,1162.208068,20745.8199,2478.263321,29525.71797,55,567.2960406,0,1000,0.65,243082.0436,0.01,9889.257544,410,3,29.9,97
1,K,29742.56571,250,0.065,14365.33524,84,2280,18,64977.64559,14195.5414,125439.8412,774.4572878,593.4817683,1120,43.63815697,0,1000,10.25,143979.3643,0.32,1498.372355,141,9,7.2,42
1,K,19581.40447,250,0.097,29588.30243,65,2140,11,54136.38071,9131.63482,125439.8412,851.9030166,370.9261052,1000,0,0,200,10.7,156600.9319,0.24,1138.76299,94,7,3.9,65
1,K,21222.00863,250,0.342,35949.07275,75,2150,15,57143.95742,249.044586,126645.9935,929.3487454,222.5556631,1220,43.63815697,0,300,8.94,163145.4485,0.04,1498.372355,99,4,5,67
1,K,10531.62024,250,0.086,3073.18117,67,1260,8,43784.72135,4233.757962,171876.7055,464.6743727,222.5556631,1280,0,0,100,7.89,132760.193,0.18,539.4140478,51,5,1.6,36
1,K,32124.08788,1.9,0,92910.12839,102,2760,33,75888.8541,83.014862,85033.73853,1703.806033,222.5556631,1560,43.63815697,2,100,1.51,155198.5355,0,2157.656191,147,3,5.9,108
1,CA,26302.58925,250,0.068,98270.3281,96,1550,7,83232.93676,3154.564756,39983.94939,2942.937694,13724.26589,743,174.5526279,3,30000,198,168755.0341,0.02,1378.502567,87,4,4.6,38
1,CA,33129.61946,95.4,0.009,96483.59486,84,2660,42,57423.732,4897.876858,46014.71099,2323.371864,12092.19103,1140,43.63815697,0,1100,19.1,186518.7219,0.03,2037.786403,147,2,5,60
1,CA,18575.87289,43.8,0.008,162950.0713,57,1520,31,42385.84847,83.014862,78098.36269,4027.177897,148.3704421,718,0,2,200,0.58,113594.1088,0.02,1198.697884,87,4,5.7,54
1,CA,19105.10004,27.8,0.009,233704.7076,72,1590,34,37210.01879,332.059448,24243.66162,3872.286439,148.3704421,800,0,3,500,0.28,123410.8837,0.02,1258.632778,89,7,5.8,38
0,CA,25773.3621,102.5,0.086,35520.25678,137,3440,98,88128.99186,498.089172,123027.5366,1006.794474,1038.593095,1610,87.27631394,0,37300,55.3,129487.9348,0.1,2757.005133,126,15,6.8,131
0,CA,22545.0765,250,0.165,41666.61912,67,1920,29,55535.2536,9629.723992,116695.2369,1006.794474,1780.445305,965,0,0,5900,15.6,150056.4154,0.26,1378.502567,109,8,5.4,61
0,CA,23180.14908,4.4,0.006,8647.788873,84,2130,20,60081.59048,0,141722.8975,774.4572878,74.18522104,1515,43.63815697,0,600,7.95,173897.1543,0,1438.437461,99,4,4.8,47
1,CA,22227.54021,1.2,0.006,21941.08417,71,1890,8,54066.43707,5728.025478,133882.9075,929.3487454,890.2226525,1230,0,0,300,3.53,159873.1902,0.02,1198.697884,91,6,4.6,50
1,CA,22809.69007,2.3,0.013,25443.08131,73,2060,27,56654.35191,5312.951168,130867.5267,851.9030166,964.4078735,1390,0,0,1400,13.65,156600.9319,0.04,1318.567672,92,5,4.6,56
1,CA,25244.13495,250,0.006,55245.79173,68,1960,17,48890.60739,415.07431,108553.7088,929.3487454,222.5556631,1200,0,0,100,7.05,179039.2744,0.04,1258.632778,97,5,4.3,53
1,CA,24450.29423,133,0.018,142223.9658,61,1850,41,51478.52223,10625.90234,59523.61697,2942.937694,2373.927073,784,43.63815697,0,500,22.8,112659.1779,0.01,1558.307249,116,5,5.3,27
0,CA,28049.03884,89.9,0,39451.0699,87,2580,52,69384.09518,332.059448,111870.6276,851.9030166,0,1290,87.27631394,0,0,0.21,210826.9263,0.01,2037.786403,143,1,5.7,71
0,CA,26355.51197,59.2,0.133,54888.44508,48,1680,91,56164.7464,249.044586,112172.1657,1239.131661,667.6669894,637,1440.05918,0,900,0.68,158470.7938,0.06,1678.177038,114,16,6.6,52
0,CA,65094.93919,37.4,1.69,33090.29957,30,260,21,38818.7226,249.044586,53070.70206,464.6743727,36795.86964,254,872.7631394,3,15900,1.99,238407.3889,0.38,2397.395768,38,27,7.5,37
1,CA,46095.68458,1.1,0.001,66037.66049,79,2510,37,79735.75454,332.059448,60609.15406,1394.023118,222.5556631,600,130.9144709,0,100,0.05,211761.8572,0.01,2816.940028,209,1,9.2,82
1,CA,21645.39035,78,0.027,36520.82739,75,1870,9,56794.2392,83.014862,138104.4406,929.3487454,0,1335,43.63815697,0,1700,2.55,147719.088,0.03,1078.828096,83,5,4.2,63
1,CA,28472.42056,29,0.257,929.1012839,21,2370,30,27557.79587,83.014862,44748.25105,77.44572878,148.3704421,632,130.9144709,0,200,0.36,373972.3748,0.04,1558.307249,92,4,0.7,35
1,CA,74091.80071,10.6,0.006,15794.72183,19,40,39,58542.83031,249.044586,40406.1027,1006.794474,34421.94256,234,480.0197266,0,800,0.26,267390.248,0.02,4614.986854,162,11,12.6,68
1,CA,66153.39349,250,1.56,50100,28,50,154,62319.7871,4648.832272,30153.80799,1006.794474,46885.0597,22,1527.335494,4,44900,2.65,193530.7039,0.05,4674.921748,204,48,18.5,34
1,CA,60596.50843,67.9,0.001,30946.21969,36,10,60,73790.54477,1162.208068,12543.98412,2013.588948,28264.56922,81,610.9341975,0,200,3.17,269727.5753,0.01,9949.192438,303,15,31.5,122
1,CA,64830.32562,71.1,0.001,55531.66904,50,10,117,81484.34565,498.089172,17670.13148,2323.371864,28412.93966,162,523.6578836,0,1700,46.6,235135.1306,0.02,9829.322649,440,3,33.5,142
1,CA,68799.52923,65.2,0.001,34519.68616,59,10,158,60641.13964,3486.624204,21650.43414,1936.14322,34867.05389,170,567.2960406,0,600,87.6,264117.9897,0.02,10848.21585,463,3,30.5,162
1,CA,66682.62064,75.2,0.003,41094.86448,55,10,214,91276.45585,332.059448,20263.35897,1781.251762,24629.49338,70,436.3815697,0,1900,0.77,241679.6472,0.01,11387.6299,656,2,31.8,116
1,CA,67476.46136,106,0.005,44239.51498,61,20,111,72041.95366,1909.341826,20444.28182,1626.360304,32270.57115,164,480.0197266,0,1200,58.5,252898.8184,0.02,9589.583072,494,3,28.3,131
1,CA,70122.5971,9.8,0,26372.1826,49,20,124,102817.1572,332.059448,28163.65666,1626.360304,20030.00968,59,567.2960406,0,100,0.51,243082.0436,0.01,9949.192438,493,1,28.8,137
1,CA,55833.4641,4.5,0,59819.82882,41,10,84,130444.8967,498.089172,27138.42719,2942.937694,6083.188125,33,392.7434127,0,400,0.38,209891.9953,0.01,8510.754977,422,2,32.3,123
1,CA,65094.93919,34.1,0.001,42452.78174,37,10,98,64488.04008,3735.66879,17609.82387,851.9030166,29822.45886,35,523.6578836,7,1900,0.98,258508.4041,0.01,9949.192438,443,3,33.4,86
1,CA,65888.77991,3.1,0,58033.09558,35,10,109,86380.40075,5146.921444,17308.28579,2942.937694,26558.30913,36,567.2960406,2,1300,0.63,228590.6141,0.01,10188.93201,486,1,32.4,101
1,CA,76737.93645,0.7,0.001,23441.94009,53,10,107,179755.1659,996.1783439,43783.3292,2168.480406,6009.002904,37,610.9341975,2,200,0.24,187921.1183,0.01,11807.17416,532,2,38.2,197
1,CA,27625.65712,799,0.004,122569.9001,93,2360,44,61760.23795,83.014862,99507.56636,2633.154779,74.18522104,1430,0,0,400,19.55,102374.9376,0.06,1917.916614,138,3,7.8,67
1,CA,22545.0765,83.7,0,52244.07989,68,1930,55,58542.83031,83.014862,122424.4604,1084.240203,74.18522104,1045,0,0,100,0.35,160340.6557,0.02,1498.372355,109,10,5.2,52
0,CA,39162.80894,45.8,0.007,115065.6205,84,3160,88,92675.32874,0,33470.72687,2788.046236,148.3704421,888,43.63815697,0,600,0.24,187453.6529,0.02,2457.330662,174,3,12.8,52
0,CA,25985.05296,69.8,0.02,102915.8345,60,1930,42,59242.26675,0,89556.80972,1858.697491,74.18522104,1040,43.63815697,0,100,26.1,147251.6226,0.01,1438.437461,106,1,5.3,49
0,CA,25826.28482,20.1,0.001,180102.7104,99,2090,165,50079.64934,0,41129.7941,2091.034677,0,994,43.63815697,10,2700,0.22,154263.6046,0.03,1738.111932,125,1,6.1,73
0,CA,11484.22911,108.5,0.003,47741.51213,77,2460,46,52387.78961,83.014862,131470.6028,1006.794474,0,1350,43.63815697,0,300,23.3,139772.1751,0.01,719.2187304,66,2,3.1,47
0,CA,25200,236,0.011,90600,73.1,1580,20.4,52300,3200,84400,1520,2500,1050,70,0.9,600,4.44,,0,350,94,0.7,4.6,49
0,CA,21700,90.5,0.007,110000,62.8,1380,19.6,51300,2100,81000,1710,1800,982,70,1,600,5.45,,0,270,85,0.6,4.7,63
0,CA,34500,187.5,1.94,108000,76.5,1690,47.7,53400,12800,51200,2140,4500,716,60,0.5,6400,11.35,,0,740,133,2.2,5.6,39
0,CA,28800,7.6,0.01,53000,89.5,1500,30.2,65700,100,118500,943,0,1510,70,0.5,100,0.75,,0,250,110,0.1,3.6,71
0,CA,18900,605,0.029,108000,56.1,1240,25.6,37900,1900,60400,1760,3200,889,70,1.2,500,16,,0.12,290,69,0.7,7.4,53
0,CA,28200,46.5,0.006,76100,92.9,1920,70.4,82000,1500,96400,2350,100,1705,100,3,18200,12.15,,0.06,1710,131,0.2,3.4,99
0,CA,75600,9.8,0.004,2200,28.2,20,44.9,74600,700,35600,329,30700,101.5,810,2.7,1000,0.64,,0,5220,224,3.6,13.1,110
0,CA,69600,55.3,0.001,39100,49.3,11,92,141500,10600,39000,2400,200,37.6,570,0.9,800,1.61,,0,5330,457,2.3,9.5,165
0,CA,24400,114,0.004,104500,76.4,1380,51.4,55500,100,95000,2050,100,1135,350,2,1000,44.8,,0,1090,99,0.3,4.4,64
1,CA,67300,344,0.016,41000,43.5,16,92.8,88500,7300,22100,1820,23900,84.4,590,1.2,4000,3.79,,0,7440,428,6.4,11.6,188
1,CA,81300,19.9,0.003,8100,17.1,178,30.5,43800,14300,18600,425,31300,96.2,730,10.7,500,1.24,,0,2720,112,2.8,9.2,101
1,CA,91600,11.4,0.006,6200,25.7,195,35.3,47400,38200,19600,389,7000,118.5,670,8.7,300,1.94,,0.05,3000,157,2.4,12.4,108
1,CA,68700,146,0.001,31600,79.3,1580,63.2,136500,1300,33000,3750,11600,686,250,2.6,400,0.91,,0,1480,138,1.7,8,147
1,CA,37200,2,0,105500,102,2050,38.8,64800,3000,78900,1960,16100,1385,100,3.8,200,0.78,,0,2060,151,0.1,7.3,88
1,CA,66100,3.4,0.001,38300,51.3,694,58.3,60800,2600,32100,1240,27400,511,310,1.3,1500,0.76,,0,2330,202,0.5,7.4,113
1,CA,42400,256,0.009,104500,88,1940,60.7,72000,15300,62000,2420,1600,1140,90,54.1,1000,4.59,,0,980,197,1.5,8.9,252
1,CA,22000,15.1,0.004,112000,68.4,1240,31.9,54200,300,97900,1780,500,1020,80,2.1,0,2.24,,0,290,92,0.2,4.3,64
1,CA,28500,1050,0.039,117000,82.3,1780,46.5,57700,5500,87900,1700,3000,1285,40,1.3,1200,11.7,,0.08,390,119,0.8,5.2,57
1,CA,67200,73.5,0.005,59600,40.5,20,77.2,91700,12000,20300,2130,16300,43,630,1.7,1300,1.07,,0,9090,427,10.3,15.6,71
1,CA,47300,384,0.004,60500,100.5,2490,80.6,81100,8100,44700,2700,6600,940,150,0,200,13.4,,0.05,1200,197,1.9,3.5,89
1,CA,45400,138.5,0.017,64700,83.1,2940,60.5,129000,4600,44800,5030,100,804,130,0.9,100,11.65,,0,1100,188,1.6,3.1,100
1,CA,69400,53.8,0.005,33100,27.8,16,12.3,99100,4400,14500,2080,29200,21.7,780,0.7,600,1.74,,0,6900,253,2.2,13.5,188
1,CA,30600,1075,0.02,107500,77.9,1540,12.5,57700,100,96400,2110,200,1175,10,2.4,200,25.1,,0,300,125,0.5,5.7,94
1,CA,29300,1430,0.018,137500,62.2,1400,29.1,62900,12700,47300,3290,2500,836,150,1,100,25.1,,0.05,680,131,1.6,6.4,63
1,CA,62800,68.4,0.002,49700,43.8,13,81,120500,1100,25700,2600,16500,41.2,520,1.2,1000,1.38,,0,8540,416,1.2,10.7,142
1,CA,64700,53.7,0.009,35300,42.1,8,81.2,116000,700,26700,1860,17000,44.3,580,2.6,700,1.63,,0,8920,424,1.9,10.9,147
1,CA,67000,139,0.004,37800,42.1,10,62.1,70200,10100,22600,1600,24800,35.3,590,2.7,2100,3.52,,0,9570,425,8.6,10.9,107
1,CA,67300,48.8,0.012,11200,24.6,9,311,71200,300,46500,385,23900,43.4,620,1.6,700,1.2,,0,5920,501,6.4,7.6,111
1,CA,66900,85.9,0.005,46400,40.1,9,95.1,99900,3000,26200,1870,21300,38.3,570,1.8,2500,1.39,,0,7180,447,7.6,10.2,131
0,CA,17600,61.6,0.002,193500,64.1,1200,29.9,39600,4100,39000,2310,700,883,50,1.5,700,0.89,,0,470,75,0.4,4.8,41
0,CA,30400,99.6,0.01,115500,48,788,52.1,53500,10500,63100,2630,3000,586,200,5.7,1300,4.99,,0,810,138,1.3,7,54
0,CA,35400,203,0.009,104000,62.3,1160,58.4,68500,3300,80800,2350,1700,905,360,3.5,400,3.4,,0.05,760,169,0.8,7.4,88
1,CA,33300,290,0.011,86700,55.6,1100,83.3,67200,100,85900,1840,100,813,2650,4.8,500,11,,0,750,153,0.8,14.2,98
1,CA,32300,326,0.063,114000,67,1270,33.9,59700,9600,55700,2240,5100,944,120,2.5,1800,22.9,,0,630,140,1.1,6.1,56
1,CA,40700,581,0.032,125000,48.2,787,68.4,67500,1300,65500,2510,3500,656,3770,1.1,200,8.81,,0,900,127,1.9,8.6,53
1,CA,37800,54.2,0.002,69100,95.5,2510,66.8,89200,1400,47900,3670,6200,1005,180,0.5,100,0.54,,0,670,155,0.8,4,83
1,CA,71400,22,0.003,43300,37.7,21,87.4,68700,2600,21600,1560,32000,48.2,680,2.2,1700,1.19,,0,9990,458,4.5,9.2,105
1,CA,70200,17,0,29900,41.4,11,80.3,71800,300,20900,1120,34100,70.6,640,1.1,6900,0.6,,0,7990,453,1.4,8.6,105
1,CA,47300,47.8,0.001,83200,66.4,1070,63.3,71600,900,45900,2420,19000,773,330,1.4,2200,0.72,,0,3120,216,0.5,8,115
1,CA,29700,256,0.011,124000,61.5,1670,57.4,69300,10600,60700,2090,3200,897,110,0.9,1600,11.85,,0,920,146,0.7,6.2,54
1,CA,39900,247,0.011,98800,32.1,426,41.3,57300,700,47400,2280,26800,324,230,1.1,1300,12.8,,0,3340,163,3.1,6.5,49
1,CA,72200,65.5,0.003,44900,41.2,13,78.4,115500,7300,27400,3180,19300,42.8,660,1.5,1100,2.49,,0,8610,473,5.6,9.2,146
1,CA,32100,482,0.006,117500,93.1,1780,49.5,73800,100,81800,2380,200,1270,30,9.2,900,4.38,,0.06,980,150,2.5,5.5,98
1,CA,12900,87.7,0.003,39300,28.7,779,5.8,32900,200,35600,846,700,398,10,1.2,0,2.29,,0,150,53,0.2,2.6,36
1,CA,30600,5.1,0.006,91400,97,2060,45.4,75700,700,41600,6160,3700,1280,110,0.9,600,0.55,,0.05,1110,131,0.2,4.5,70
1,CA,77200,24.7,0,25200,38.6,13,14.9,99400,1500,23300,2060,28000,26.4,850,1,2100,1.83,,0,8250,317,1.5,15.1,178
1,CA,79700,88,0.081,1800,51.2,45,167.5,124500,16200,23800,728,15400,151.5,580,29,47900,23.3,,0.47,2380,377,0.6,8.2,491
1,CA,29600,500,0.012,28100,74.6,1470,35.9,66100,2200,125500,1200,3900,1225,50,1.8,200,29.6,,0.09,910,118,3.1,2.9,81
1,CA,10400,1160,0.034,40700,68.2,715,15.6,40900,4500,147500,644,200,1420,10,1.8,100,19.35,,0.26,280,46,3.5,2.3,48
1,CA,5000,749,0.139,4600,36.4,485,8.7,30700,2000,94300,407,200,738,0,1.8,0,11.6,,0.15,100,24,1.2,0.8,25
0,CA,29000,8.2,0.025,24900,87.9,1610,19.2,64700,0,138500,928,0,1425,40,1.6,1900,2.32,,0,520,117,0.9,1.2,66
0,CA,10100,703,0.038,23400,51.6,522,10.2,41600,300,152000,924,2400,1040,10,2.1,0,11.55,,0.16,180,48,1.7,1.7,43
0,CA,23900,93,0.023,97900,68.5,1200,42.4,53900,0,85000,1330,0,933,50,0,300,3.57,,0,830,101,0.6,4.2,34
0,CA,25900,626,0.038,122000,79,1700,43.3,55800,5900,59100,2130,9000,1115,80,0.6,1000,80.6,,0.05,410,110,1.1,5.2,36
0,CA,28100,31.1,0.003,67200,91.2,1420,36.3,66500,100,118000,1360,200,1495,70,4.6,100,2.15,,0,1090,114,0.5,4.7,78
0,CA,27800,140,0.004,111000,80.9,1590,43.9,54600,3500,55200,2400,13100,1035,80,0.7,900,8.25,,0,700,120,1.1,4.4,54
0,CA,20300,17.8,0.016,72300,44.6,1090,34.3,45100,200,44300,2430,6300,527,140,1.9,1200,0.36,,0,340,72,0.5,4.3,44
0,CA,24900,10.8,0.003,135000,50.6,1210,16.7,51400,200,88600,3920,7100,666,80,2.2,200,13.85,,0,860,108,2.3,5.4,48
0,CA,19600,73.7,0.006,126000,51.2,919,39.1,53600,100,81600,2190,100,732,70,0.8,0,1.28,,0,1110,79,1.6,4.3,55
0,CA,27800,812,0.05,108000,69.3,1440,35.1,64400,7300,52800,2190,5800,803,160,1.5,2000,33.5,,0.06,500,160,1.3,4.9,48
1,CA,58800,9.8,0.001,54000,35.4,15,80.4,103000,400,23800,2750,21800,33.4,530,1.4,600,1.02,,0,7300,362,2,10.5,128
1,CA,19600,110.5,0.045,116500,55.3,962,33.6,58300,100,86200,2220,200,773,140,1.3,100,0.94,,0,200,82,0.2,5.3,52
1,CA,41300,46.4,0.003,48700,92.9,1610,67.8,80700,300,104000,1410,3200,883,140,2.6,100,0.44,,0,330,177,0.2,3.8,139
1,CA,43300,7.6,0.003,103000,105,2470,66.2,63900,7400,28300,3130,25500,738,120,1.1,600,0.37,,0,2810,189,0.2,12.2,95
1,CA,68200,28.1,0.001,82600,24.1,133,17.8,31300,7700,14700,1090,37100,97,1490,2.8,0,0.64,,0,3780,104,22.2,32.7,42
1,CA,10900,463,0.14,37800,29.5,760,44.6,31000,3800,47400,681,800,382,20,8.3,700,9.71,,0.08,270,46,2.2,1.5,73
1,CA,38100,145.5,0.046,39800,89.4,1830,25.4,82500,2100,117000,1480,4600,952,40,3.6,900,7.84,,0,850,146,3.7,2,158
1,CA,25800,395,0.365,30200,76.6,1460,22.1,66700,6000,113000,972,1100,950,110,4.4,9500,2.35,,0.28,960,111,3.7,2.6,107
1,CA,28000,10,0.045,30600,86.9,1570,47.1,67000,7500,123000,1120,1000,1320,50,1.1,5700,2.91,,0.07,1050,112,4,2.3,77
1,CA,25000,513,0.02,38400,57.7,1220,8.2,55200,8800,121000,958,1500,798,20,0.8,800,5.74,,0.05,1020,94,7.2,2.2,50
1,CA,26900,23.5,0.047,34800,86.6,1850,35.9,64000,300,114000,1140,1600,1530,60,1.1,2900,18.85,,0,1090,106,4.1,2.3,64
1,CA,23000,1080,0.281,31200,66.8,1380,16.8,54300,10400,114500,905,1200,978,10,0.9,4400,11.95,,0.3,1000,91,4.9,2,38
1,CA,17300,51.8,0.219,150500,55.5,777,40.4,40000,100,84500,4030,200,635,60,16,300,1.76,,0,1020,71,2.3,7.7,90
1,CA,19700,506,0.107,36400,52.9,1020,20.7,49600,7300,104000,907,900,874,10,1.2,2300,11.4,,0.09,790,79,6.3,1.8,31
1,CA,27400,489,0.117,38200,66.8,1300,38.5,58100,9800,100000,1080,1600,1040,30,2.2,2400,22.5,,0,1240,112,6.9,2.4,43
1,CA,25500,32,0.012,69900,60.9,1080,18,62100,100,97700,1230,100,911,40,2.2,0,1.79,,0,410,95,1.5,2.8,51
1,CA,28300,630,0.028,57000,68.6,1140,26.3,60500,11400,121000,1140,1200,1015,30,1.9,2800,13.35,,0.05,1210,100,6.7,2.5,40
1,CA,74400,22.4,0.012,30200,24.7,113,37.4,47100,9400,30300,758,28300,143.5,530,3.9,0,0.34,,0,3860,127,0.3,15.7,109
1,CA,56700,51.9,0.014,58000,45.5,8,66.4,77900,500,20200,2380,20200,118.5,600,8.9,3200,41.5,,0,8240,348,1.9,10.8,227
1,CA,66000,42.8,0.004,30800,46.7,8,69.5,131500,300,27100,2640,12900,51.4,600,0.7,200,1.82,,0,7400,431,1.7,9.4,149
1,CA,65100,178.5,0.005,48200,42.1,10,80.4,86900,3500,16600,2760,29000,139.5,600,1.3,1400,1.99,,0,7410,407,3.6,10.2,95
1,CA,22600,118,0.04,104000,55.2,1250,59.3,45800,0,93100,1640,200,946,0,1.1,200,9.2,,0,730,96,2,3.9,50
1,CA,20800,26.1,0.003,33900,74.3,1300,6.8,52700,0,118500,923,100,1335,20,0,0,11.65,,0,740,90,1.4,1.2,43
1,CA,22700,60.4,0.017,40900,70,1400,33,52300,0,122500,909,100,1130,40,2.8,300,2.27,,0,810,89,1.5,1.7,47
1,CA,28700,309,0.289,32100,71.5,1590,28.7,62300,10500,113000,917,2000,945,50,2.7,3900,3.92,,0.09,990,117,3.9,2.6,65
0,CA,27600,175,0.739,24800,86,1560,248,63600,4700,116500,981,2100,1200,30,1.8,5600,171.5,,0.05,900,105,3,2,132
0,CA,25000,347,0.014,25000,55.1,1160,29.1,47800,8500,103500,834,2400,956,200,2,600,4.13,,0,950,91,3.3,3.4,60
0,CA,30100,328,0.019,18900,65.5,1890,50,64700,11200,113000,997,1300,834,40,1.7,700,11.6,,0,1190,114,3.1,2.4,64
0,CA,16400,79.8,0.033,35300,53.4,880,8.5,42900,800,127500,896,1000,1270,100,3.6,400,3.4,,0,470,62,4.6,2,61
0,CA,25400,424,0.03,28600,63.9,1330,27.9,57500,4300,118000,1050,2600,984,50,1.2,900,10.35,,0,950,100,3.4,2.1,50
0,CA,30200,192,0.051,19300,78.6,1780,15.8,66600,200,117000,1000,6800,1310,70,1.3,1700,5.83,,0,750,119,2.5,2.2,79
0,CA,27400,4.6,0.002,30400,66.6,1500,16,60900,0,121000,960,3100,1045,90,1.5,500,2.55,,0,1100,122,1.5,2.1,62
0,CA,26100,29,0.341,48300,74,1560,67.1,56200,3000,114000,959,4300,1035,30,2.7,4200,8.08,,0.09,1120,110,9.5,2.5,60
0,CA,71100,42.1,0.007,14200,55.6,81,92.7,91400,7700,53600,669,4800,94.8,250,0.9,1200,5.41,,0,4870,313,4.3,6.9,162
0,CA,67200,10.5,0.007,32900,39.6,18,91.1,120500,600,28500,2090,18000,39.8,530,2.4,500,0.72,,0,9830,448,1.7,9.9,161
0,CA,64800,9.6,0.019,36300,42.9,10,88.7,120000,2500,27200,2660,17200,43.5,550,4.8,800,1.83,,0,9900,436,1,13.6,166
0,CA,61700,6.4,0.007,59600,32.6,7,87.9,119500,2200,19200,4180,17000,33.2,580,2.5,1100,1.02,,0,9290,407,1,12.1,116
0,CA,65200,52.8,0.005,41900,42.8,8,90.5,122000,3500,26600,2380,11900,41.5,540,2.5,500,1.92,,0,8800,426,5.2,13.3,134
1,CA,65700,17.7,0.011,35300,35.2,8,86.5,92600,4600,21500,2420,22600,46.9,620,7.6,800,1.85,,0,10150,447,1.6,11.3,134
1,CA,44600,29,0.033,71400,33.9,5,66.5,145500,300,28700,5520,200,27.1,350,2.1,4700,1.51,,0,6010,305,0.9,7.3,144
1,CA,68500,4.8,0.002,18500,37.6,6,51,94100,1000,18700,923,35400,30,600,2,300,0.87,,0,10450,458,1.6,11,128
1,CA,25700,664,0.106,30600,63.1,1500,36.2,57300,8400,112000,981,1400,874,20,1.4,0,15.6,,0.1,1020,100,5.2,2.4,56
1,CA,20700,740,1.39,20600,64.6,1400,15.7,52200,9300,114500,868,500,1060,40,2.4,100,11.2,,0.33,580,107,3.2,2.7,67
1,CA,14100,470,1.465,10500,52,980,18,43800,6300,113500,783,300,906,30,2.8,0,4.35,,0.36,310,75,2.4,1.8,68
1,CA,10300,733,0.596,5900,53.1,925,7.8,42600,4600,137500,673,200,977,30,1.8,0,8.92,,0.36,200,48,2.2,1.6,52
1,CA,21600,172,0.015,29900,65.6,1330,17.9,54400,100,114000,829,100,1085,60,2.1,200,5.91,,0.06,530,86,1.5,1.6,63
1,CA,20600,476,0.038,68300,52.1,1220,8.5,53900,100,114000,1370,300,771,20,2.5,100,7.55,,0,610,83,3,3.5,73
1,CA,65400,107.5,0.055,32800,39.4,21,98.9,86800,7600,23000,1520,16900,57.5,590,8.6,800,2.43,,0,8320,436,2,10.8,153
1,CA,61500,40,0.003,52200,44.1,8,94.4,96500,1900,24000,3470,21600,69.8,530,8.7,700,2.74,,0,8560,393,5.6,15.1,101
1,CA,69100,9.2,0.009,35200,46.2,11,100.5,116500,4500,21900,2440,22200,67.9,630,2.4,1200,1.05,,0,10450,472,2.5,10.4,150
1,CA,66700,129.5,0.016,29600,49.7,9,83.1,94300,300,21700,1450,27100,336,570,1.8,2400,3.72,,0,7910,439,4.1,10.9,146
1,CA,38500,503,0.593,29100,76.1,1670,45.7,67300,1900,103500,1110,9000,1020,110,3,1700,4.67,,0.19,1230,136,15.7,4.2,72
0,CA,27900,205,0.22,35400,64.1,1380,30.5,62600,0,114500,1080,600,977,30,1.6,2500,2.26,,0.11,1160,115,10.4,2.1,56
0,CA,18800,482,0,38100,48.2,1150,16.9,50000,3900,110500,970,1900,826,30,1.9,100,5.91,,0.19,810,77,6.8,2,49
0,CA,34300,323,0.226,25400,75.3,1630,70.8,70900,4500,87800,1220,10100,957,140,1.6,4600,6.55,,0.07,1060,122,4.5,2.6,68
0,CA,57600,68.1,0.83,11200,21,321,31,30600,500,13900,430,43700,205,600,3.8,9100,3.85,,0.24,1220,42,13.4,5.8,18
1,CA,21000,664,0.044,30700,54.4,1400,20.3,54200,7700,107500,949,1000,839,10,1.9,300,7.68,,0.13,900,91,10.5,2.3,55
1,CA,29500,10.2,0.015,33000,78.2,1650,23.1,61600,100,110000,1140,100,1395,70,1.2,100,2.96,,0,880,113,1.5,2.6,178
1,CA,25000,273,0.076,57600,79.6,1340,36.7,58200,100,114500,1060,100,1090,70,1.6,3700,2.28,,0.15,980,101,5.2,2.4,47
1,CA,15500,623,0.015,20100,45.8,917,8.4,39900,4100,79500,705,1600,759,30,1.2,400,4.21,,0.14,580,60,7,1.6,47
1,CA,68700,17.3,0.004,32000,42.5,72,115,79400,2100,26900,1340,32700,70.2,300,1.2,300,2.59,,0,3960,267,0.7,4.3,129
1,CA,44800,34.3,0.036,24600,58.5,739,68.9,103000,100,95300,1700,1100,647,300,1.9,11100,10.55,,0,1290,134,3.1,4.6,115
0,CA,30400,390,0.119,48100,52.9,1040,23.5,60100,500,101500,1180,6800,701,60,3,900,3.18,,0,1300,110,12.2,2.1,46
0,CA,33800,530,0.359,35000,68.9,1280,44.3,62500,300,98700,1070,5800,865,70,1.4,900,3.19,,0,1570,128,10.3,2.5,58
0,CA,22000,341,12.7,35600,52.5,1190,60.4,49800,3100,79500,912,3900,707,70,3.2,2300,16.1,,0.08,790,91,4,1.6,50
0,CA,71600,23.4,0.378,6200,7.6,42,13.5,20500,300,9700,546,56100,71.2,290,0.7,500,2.28,,0,1060,32,4.1,4.7,22
0,CA,59700,85.1,0.125,24200,82.8,610,50.5,86600,100,95900,1280,700,586,550,4.6,9300,9.87,,0.07,5180,224,13.5,6.8,149
0,CA,23500,60.4,0.007,58200,60.1,1120,23.3,58100,0,108500,1400,100,955,70,0.8,200,1.58,,0,650,100,2,2.3,56
0,CA,35800,213,0.304,31300,43.7,1600,464,56200,100,73600,1580,400,1030,220,1.3,2400,3.58,,0.06,1380,138,9,4.1,91
0,CA,29500,167.5,0.133,77600,70.1,1580,224,47900,100,99200,1360,200,1330,50,1.9,3800,2.13,,0.13,820,111,5.4,4.4,53
0,CA,24800,52.8,0.251,52500,13.1,851,469,39100,1300,64700,1180,100,591,90,0.8,3000,2.05,,0.05,810,76,9.7,4,30
0,CA,61300,26.3,0.075,1400,24.9,2320,36,58100,100,89800,186,200,1210,210,0,500,1.2,,0.05,2220,226,5,1.6,85
0,CA,50300,53.9,0.132,6300,45.6,2550,111.5,54400,0,83800,664,100,1410,80,1.3,2200,1.81,,0.1,1480,178,8.1,2.6,77
0,CA,25100,538,0.111,33900,73.7,1580,12.8,65600,100,125000,1160,3400,1060,30,7.3,1600,3.12,,0.06,1070,110,7.4,1.8,69
0,CA,26600,649,0.136,42600,66,1540,20.7,57000,100,109500,976,6800,956,20,8.4,1600,3.52,,0.05,660,104,3.5,1.9,52
0,CA,26500,626,0.061,43400,57.7,1060,23.9,54400,600,111000,1110,9800,909,180,1.3,800,5.45,,0.08,900,84,57.2,2.9,50
1,CA,19900,88.2,0.256,43100,58,1260,64,47700,100,79400,923,200,966,10,1.9,1300,2.03,,0.06,540,90,2.2,1.5,64
1,CA,33400,61.7,0.074,56200,78.2,1420,47.7,62300,100,110000,1140,400,1080,100,2.7,1900,3.54,,0,1300,124,6.1,2.9,101
1,CA,30300,642,0.015,77800,96.1,1700,46.1,64400,0,90600,1520,100,1230,140,1.6,300,8.19,,0,650,128,1.5,3.6,98
1,CA,29600,1055,0.518,126500,67.9,1790,58.6,58000,8200,60900,2890,9400,719,100,1.1,5900,22.9,,0.09,660,114,2.8,5,40
1,CA,46800,133,0.093,65500,70.1,976,30.8,69900,100,103500,1380,900,821,770,2.6,1300,3.63,,0.06,2120,163,7.1,7.5,103
1,CA,34700,791,0.037,40600,72.7,1480,66.8,66700,900,89800,1240,14200,882,430,2.5,600,8.1,,0,1630,127,13.8,4,79
1,CA,34400,85.3,0.101,49200,80.4,1380,68.7,63500,0,108500,1170,400,1090,150,2.5,1200,2.22,,0,1200,135,3.7,3,85
1,CA,27700,554,0.14,62800,82.2,1820,38.7,63800,0,110000,1360,100,1230,40,4.4,1400,24.7,,0,930,118,2.5,2.6,78
0,CA,16800,453,0.037,154000,54.1,1200,13,48900,3000,84500,3240,6300,618,130,16.5,500,17.65,,0,700,69,3,5.3,47
1,CA,27700,801,0.02,92400,63.8,1240,35.4,51300,9000,64800,1580,3000,856,740,1.8,0,53.7,,0,1400,120,4.7,5.9,46
1,CA,23200,857,0.018,87000,68.6,1500,26.9,57200,1600,92100,1400,2000,1040,40,1.1,200,30.8,,0.05,960,98,4.2,3.8,50
1,CA,24900,870,0.048,22600,74.5,1540,24,58100,6600,110000,914,1200,1160,40,1.4,0,28.2,,0.08,660,101,2.6,2.2,56
1,CA,29000,236,0.013,33200,62.9,1140,37.6,56000,700,118000,952,5800,1045,60,1.8,300,25.9,,0,960,102,2.5,1.6,69
1,CA,21300,666,10.15,21500,51.8,1020,14.9,47900,5400,90500,828,1800,671,40,2.4,300,14.25,,0.13,580,80,2.2,1.8,71
1,CA,29500,566,0.199,42700,85.5,1630,58.2,68000,1900,107000,1230,1500,1270,50,1.7,4000,46.4,,0,1140,120,9.6,2.8,136
1,CA,29800,101.5,0.717,43300,75.9,1660,79.9,62600,2900,110500,1060,2700,961,50,1.8,6000,60.5,,0,960,112,3.9,2.6,127
1,CA,27300,758,0.097,35000,68.5,1300,25,62500,8100,124000,1050,1400,995,30,2.1,2600,16.35,,0,970,103,4.4,2.6,78
1,CA,35800,18.7,0.073,19500,92,1800,65.5,76000,100,90900,1340,2500,1285,100,1.6,1200,1.57,,0.05,590,130,2.2,2.5,73
1,CA,29500,41.3,0.515,21100,73.2,1430,36.7,58500,100,93800,852,6500,794,70,3,7400,4.13,,0.08,840,108,4.4,1.5,68
1,CA,34400,345,0.287,36100,42.8,687,30.9,47600,8300,63100,858,12300,377,510,2.2,3300,18.9,,0.05,2240,125,13.3,4.5,44
1,CA,27500,328,0.175,23000,56.7,1220,20.5,49900,5100,94400,837,5400,831,70,1.5,2600,13.5,,0.06,830,97,5.8,2.5,47
1,CA,21100,654,0.354,21200,58.3,1290,21.3,49700,7200,95200,810,2300,767,20,0.8,2500,10.25,,0,570,81,2.3,1.8,43
1,CA,44000,78.7,0.451,27400,26.1,361,80.8,41300,5500,34000,695,25700,135,1110,3.4,8400,36.9,,0.05,2520,104,20.6,8.3,41
1,CA,43400,18.7,0.006,27900,94.6,2560,46.1,55800,100,99200,1250,100,1740,50,0.6,200,2.27,,0,360,176,0.5,3.8,131
1,CA,41600,201,0.439,27100,37.9,518,97.4,41900,5100,47500,774,22500,476,1010,4.5,6900,22.2,,0.06,1540,81,13,6.5,46
1,CA,25300,148,0.02,113000,59.4,1410,94.7,55700,5600,62300,2570,2300,1000,80,1.1,400,2.21,,0,420,98,0.9,4.9,70
1,CA,25700,160.5,0.034,98000,67.1,1390,31.7,51400,4700,68000,1940,500,1090,200,1.1,500,6.15,,0.08,420,99,0.8,4.5,61
0,CA,39600,104.5,0.008,97200,103.5,2340,44.9,69400,700,56000,3230,5600,1630,140,1.4,600,1.73,,0,620,157,1,4.6,122
0,CA,33700,459,0.014,60500,97.1,1980,54,71100,4200,70700,1800,3700,1235,160,1.5,100,51.8,,0.05,1160,138,4.5,4.1,75
1,CA,69200,72.7,0.003,29900,42,22,56.1,79000,9300,20900,1530,27400,129,620,2.5,1800,2.21,,0,8460,438,20.1,10.6,150
0,CA,64600,43.2,0.001,37700,45.9,14,93.9,76000,11000,21300,1520,20900,73.1,660,2.1,2000,3.31,,0,8950,406,15.1,11.7,100
0,CA,35900,536,0.022,28500,72.5,1350,48.9,67200,5500,106000,1090,4400,884,90,0.6,900,6.05,,0,1120,122,4.9,2.7,70
0,CA,14500,471,572,19900,35.2,827,13.7,35300,5700,59300,574,500,380,20,1.2,100,7.14,,0.17,430,65,2.4,1.7,54
0,CA,61200,97.3,0.007,41000,43.5,19,103,81900,5700,16400,2680,27300,81.5,550,1.9,2800,2.76,,0,7350,363,8.1,8.7,182
1,CA,83300,163,0.072,1000,7.8,42,198,30800,21000,3100,90,36800,23.2,730,22.1,900,15.1,,0.3,3260,92,4.9,15.1,75
1,CA,43500,1020,0.325,90400,30,15,41.8,77300,11600,25700,3190,13300,81.4,560,2.3,4500,2.91,,0.07,4540,281,15.5,9,250
1,CA,57900,452,0.146,1000,45.7,45,16750,144000,200,53500,275,100,236,660,17.6,17500,8.76,,0.13,5870,320,27.6,11.2,155
1,CA,25600,1210,0.106,84300,64.2,1640,46,75100,5900,45500,3200,5900,834,50,0.9,3800,14.85,,0.09,360,101,1.4,4.8,42
0,CA,27000,1915,0.258,103000,62.5,1760,70.5,63900,7700,30800,3160,4800,731,80,0.7,3600,13.65,,0.06,380,105,1.2,4.5,39
0,CA,38200,733,0.004,60200,96.8,1980,79.3,65800,1100,62900,1530,5400,1250,50,0.5,400,46.2,,0,700,162,1.1,3.3,74
0,CA,14500,1325,0.176,160000,50,1360,25,36300,5200,52300,2540,500,713,50,0.7,1400,11.65,,0,190,62,1,3.8,30
0,CA,23400,812,0.024,80900,57.4,1370,26.4,53700,2900,79300,1300,600,799,40,0.7,100,9.72,,0.07,150,92,0.5,3.4,59
0,CA,38400,1930,0.243,80600,82.5,1840,75.3,87900,6800,38800,3360,8700,842,160,1.2,4400,17.35,,0.06,1660,179,5.1,4.4,69
0,CA,38500,1250,0.01,54100,136.5,2660,73.9,83500,8500,37500,2680,900,1730,90,0.9,400,272,,0.07,520,164,1.3,4.3,84
0,CA,18300,983,0.045,103000,72.3,1560,52,50700,1400,84600,1340,600,1180,60,0.7,1800,28.2,,0,400,81,1.5,3.3,42
1,CA,51600,63.6,0.008,60700,41.4,15,129,107500,3200,21100,3630,10800,75.9,510,2.1,1800,1.7,,0.05,6050,309,4.1,8.3,215
1,CA,61100,99.7,0.004,51400,40.9,16,113,76800,20200,17900,1720,7600,64.2,490,1.4,1100,2.51,,0,7980,446,22.6,7.4,105
1,CA,14800,1165,0.021,51000,68.3,1640,18.8,51100,900,91300,882,200,1090,40,2.3,0,23.6,,0.09,230,62,1.3,2,80
1,CA,18300,797,0.01,106500,67.7,2150,32.6,47400,4400,68500,1520,3000,1020,80,0.9,200,23.6,,0.05,300,77,1.4,3.3,52
1,CA,16100,1035,0.087,84100,67.3,1560,19.9,46300,3500,95200,1260,1100,1030,20,1.1,100,13.3,,0.11,290,68,1.9,2.8,49
1,CA,14100,1035,0.01,46500,73.4,1320,12.8,58500,400,133500,1120,600,1200,20,1.8,0,18.45,,0.09,290,58,1.8,2.4,62
1,CA,24700,696,0.018,73500,62.3,1380,28.3,66000,2700,52100,2450,3900,907,140,0.6,300,5.49,,0.07,330,91,1.2,3.7,51
1,CA,15000,273,0.019,97600,62,997,15.1,43800,3100,81200,1360,600,962,80,0.6,100,14.15,,0,420,60,0.5,3.3,48
1,CA,27700,230,0.001,116500,69.8,1340,39.1,45900,2400,57400,1800,7500,920,90,0.6,100,8.93,,0.05,1020,103,0.5,4.4,51
1,CA,36400,159,0.003,71700,70.6,1230,52.5,60600,2900,83400,1160,4500,1110,130,1.8,200,9.14,,0,1250,114,0.3,5.6,78
1,CA,31900,156,0.024,81200,67.4,1730,197,75600,1000,69200,2100,300,1030,110,0.9,200,2.55,,0,520,132,1.1,4,81
1,CA,27100,18.3,0.001,74700,78,1460,48.6,65100,0,85400,1620,100,1120,100,0.6,200,1.28,,0,390,111,0.2,4.5,65
1,CA,25200,81.6,0.003,156000,67,1480,64.8,60400,6000,41800,2630,1800,818,90,0.5,400,1.15,,0,490,104,0.8,6,40
1,CA,21700,453,0.061,76100,51.3,1000,26.1,50900,2200,90600,1420,3500,721,30,1.4,300,8.17,,0,440,84,1.5,3,73
1,CA,25500,121,0.003,67700,81.1,1440,55.4,62700,0,97200,1670,100,1260,100,0.5,2000,5.15,,0,780,107,0.6,2.9,57
1,CA,38600,35.3,0.009,37100,57.9,674,36.4,64500,6200,74300,1320,10900,652,320,0.8,600,4.99,,0,3900,192,5.4,4.7,66
1,CA,29500,262,0.008,67500,81.8,1800,56,67700,600,90200,1400,3500,1190,70,1.1,200,26.7,,0,740,123,0.9,2.9,83
1,CA,61800,79.2,0.005,27400,41.7,22,94.9,74600,2600,16900,2270,30500,135,550,1.9,2100,2.57,,0.07,6770,369,5.3,6.7,453
1,CA,84900,90.9,0.061,23500,75.4,17,2000,105500,300,45700,950,30900,477,510,1.9,1500,0.85,,0.06,10750,640,65,12.9,158
1,CA,45100,29.4,0.056,68900,40,2270,88.6,106000,400,40700,2000,900,711,140,1,800,0.42,,0,1740,189,1.9,4,90
0,CA,33100,866,0.106,71800,103,1450,202,61900,4500,40500,2170,13900,726,180,1,1000,22.4,,0.05,460,135,1.5,3.8,55
0,CA,15500,1020,0.03,58300,61.1,1340,19.3,51700,1300,99900,986,800,934,30,1.3,0,14.55,,0.05,230,70,1.5,2.7,61
1,CA,22800,137.5,0.004,97200,64.4,1280,36.1,51000,600,82900,1280,300,1060,70,0.6,200,5.59,,0,480,87,0.4,3.7,52
1,CA,15600,138,0.05,107500,74,1800,105,46900,100,82300,1490,100,1420,60,0.7,500,4.79,,0.05,320,68,0.8,2.7,49
1,CA,8600,17.7,0.1,8100,21,1280,8310,24700,500,14300,479,100,368,60,2.2,6700,8.56,,0.14,220,34,0.6,1.7,33
1,CA,14100,134.5,0.005,49900,94.3,2000,31.4,56300,0,102500,1230,0,1680,50,0.8,1400,4.29,,0,300,61,0.6,2.1,51
0,CA,19100,80.8,0.02,108000,61.6,1180,26.2,51400,1300,76700,1480,200,963,90,0.8,100,16.65,,0,300,75,0.5,3.9,61
1,CA,28300,52.2,0.031,101500,63.5,1840,18.8,54200,10200,66700,1900,700,942,80,0.5,200,2.97,,0,490,115,0.6,4.1,43
1,CA,18400,44.5,0.015,31800,74.2,1230,18.2,52500,4500,137500,970,600,1395,40,0,2900,10.8,,0,550,73,2,1.9,43
1,CA,20500,116,0.039,29000,75.2,1240,20.4,52200,4700,133500,888,500,1250,40,0,3000,14.1,,0,560,80,2.2,1.7,47
1,CA,18800,534,0.152,35100,63.9,1170,25.5,52400,5600,128000,960,600,1150,30,0,1400,16.05,,0,630,75,3.8,2,44
1,CA,18400,471,0.862,64500,49,1010,18,45800,6500,94200,901,600,741,40,1.1,6100,13.25,,0,660,72,3.6,2.2,34
1,CA,22400,658,0.291,42500,65.7,1240,20.9,54700,8600,115000,975,900,958,40,0.6,4100,15.7,,0.08,910,90,3.4,2.2,52
1,CA,23000,905,0.52,24100,89.9,1680,24.8,63900,9200,113000,779,800,1275,40,1.1,11700,17.6,,0.12,1420,97,4.3,2.6,72
1,CA,44300,165.5,5.45,46900,50.6,422,113.5,54800,13200,64500,752,9700,452,1280,4.9,24500,52.1,,0.17,3030,144,25.3,8.3,38
1,CA,61500,72.3,0.007,63000,80.9,1160,41.4,78500,3500,51000,3010,21700,923,110,0.9,1500,1.72,,0,910,150,0.7,4,78
1,CA,28700,93.5,0.006,80000,77.6,1390,43.6,61300,0,104500,1140,100,1110,70,0.9,300,1.5,,0,240,110,0.3,4.5,64
1,CA,25200,60.7,0.01,90700,72.8,1280,25.2,59100,0,96600,1480,0,1155,50,0.5,100,5.04,,0,300,94,0.2,3.7,63
1,CA,18600,33.2,0.054,127000,41.6,1120,31.3,44300,8200,65000,2410,500,614,70,0,200,1.92,,0,250,68,0.4,5.1,23
0,K,26900,525,0.006,87300,76,1660,145,69200,3000,60400,2320,600,1020,160,1.2,300,5.05,,0.11,430,112,1,4.4,75
0,K,21800,227,0.041,86100,64,1260,33.3,53200,100,91900,1260,0,862,80,0.5,200,12.3,,0,310,92,0.4,3.7,50
0,K,24500,161.5,0.004,99200,66,1440,39.2,50600,2000,72800,1560,5000,945,110,0.5,300,10.85,,0,420,92,0.3,4.3,45
0,K,31600,608,0.044,94800,81.1,1970,51.5,97900,6300,38400,4100,4100,877,80,0.5,1200,15.9,,0.07,600,131,1.4,4.2,62
1,K,26100,144,0.001,72100,87.3,2280,39.1,62800,100,81000,1960,100,1055,320,0.7,100,4.95,,0,620,114,0.3,4,82
1,K,32100,765,0.005,71600,73.3,2010,43.1,78900,10900,48600,2370,3500,828,270,0.7,400,27.6,,0.08,680,132,1.5,4,62
1,K,29300,1010,0.017,63700,70.9,1610,30.6,60900,11200,67200,1340,3500,843,80,1.1,500,6.73,,0.11,610,114,1.7,3.8,61
1,K,60500,45.4,0.004,50500,44.8,16,81.5,63400,6800,20300,1820,31300,63.3,660,3,1600,6.14,,0,7600,379,5.7,10.6,142
1,K,16400,709,0.079,96000,55.6,1240,22.5,43000,2800,59800,1300,500,867,50,0.9,200,13.05,,0.07,220,71,0.7,3.8,51
1,K,31200,27.9,0.001,98100,54.5,1010,35.7,67000,1700,84600,2000,100,829,250,2.1,2600,0.24,,0,530,95,0.1,6.2,76
1,K,69900,90.3,0.012,1200,16.6,575,99.7,53100,19800,16300,529,19500,251,380,17.7,1300,6.01,,0.24,1210,96,0.7,9.3,343
1,K,29900,285,0.02,80400,85.7,1730,32.8,61100,1400,80000,1480,1400,1275,150,1.1,100,16.4,,0,590,118,0.7,4.4,78
1,K,32700,517,0.024,101000,75.3,1670,36.9,58200,3400,68300,1980,9500,897,530,2.3,100,23,,0,570,126,5.6,5,53
1,K,26100,441,0.003,92500,69.5,1470,39.4,59000,1900,78900,1760,1400,809,420,1.2,0,10.95,,0,530,110,1.3,4.2,61
1,K,29700,64.9,0.026,104000,54.8,1660,755,59100,0,32600,1920,100,722,110,1.9,800,0.35,,0.16,460,117,1.5,7.3,44
1,K,23800,34.9,0.008,131000,57.8,1250,24.9,50600,100,69100,2430,100,708,80,0.6,0,4.76,,0,430,92,0.4,6.9,55
1,K,28800,6.8,0.002,68500,84.4,1520,49.7,64600,0,118500,1210,100,1405,60,0.8,100,11.15,,0,600,111,0.5,3.7,65
1,K,23800,34.4,0.013,66000,65.8,1240,28.7,57900,0,115000,1380,0,1035,80,0,100,1.99,,0,440,91,0.2,3.8,52
1,K,24700,370,0.053,106500,74.7,1440,24.9,61600,900,99000,1900,800,1070,90,0.8,300,19.65,,0.09,320,101,0.6,5.2,56
1,K,31200,1660,0.082,105500,79.6,1750,30.3,64300,2200,97200,1770,200,1245,30,1.6,1300,5.67,,0.17,270,125,1.1,5.1,60
1,K,28800,815,0.025,88900,66.5,1530,23.8,58800,7100,70700,1910,9100,787,70,0.8,300,6.53,,0.11,460,96,2.1,4,56
1,K,30500,500,0.031,87700,64,1870,54.4,70700,9300,37800,3330,4000,570,50,0.8,2600,16.9,,0.08,590,120,2.1,3.4,43
1,K,22400,962,0.163,101000,91.4,2520,25.6,69000,6000,50500,3250,3500,728,160,0.8,1900,15.1,,0.08,470,114,1.9,5,43
1,K,16200,1315,0.142,108000,81.4,2290,23.7,55700,8400,47700,4210,1500,1095,70,1,900,41.2,,0.27,330,72,1.8,4.1,41
1,K,16100,1080,0.091,73300,52.7,1690,49.5,42300,6200,32400,2490,3700,687,240,1,700,9.08,,0.13,220,59,1.7,4.1,34
1,K,13300,1065,0.084,96300,57.4,1810,36.2,45200,200,82200,1350,100,891,90,0.9,100,6.24,,0.18,310,61,1.3,3.3,37
1,K,12000,1235,0.203,83700,55.8,1360,21.1,48400,400,78000,1810,200,792,150,1.1,1300,4.28,,0.22,250,60,590,3.5,39
1,K,24000,1155,0.648,63800,81.8,1780,23,68500,1900,91400,2100,1500,1080,10,1.2,3000,4.44,,0.26,360,104,2.6,3.6,49
0,CA,24100,749,0.036,81000,59,1450,14.1,48700,1300,71400,1610,500,703,10,1.5,400,4.14,,0.16,190,99,1.4,4.5,45
1,CA,29500,1360,0.075,99100,79.4,1710,26.3,64600,5300,77700,1980,2100,1055,60,1.2,1200,6.54,,0.2,400,127,2.2,4.6,54
1,CA,23100,962,0.096,92400,62.5,1340,25.2,54200,2200,98600,1790,1800,915,60,6.4,900,4.6,,0.23,330,92,1.3,4.2,51
1,CA,32300,1495,0.106,78300,79.2,1920,29.6,75300,6100,66800,2480,6100,907,60,1.9,5200,14.8,,0.12,790,134,2.2,4.9,58
0,CA,25600,981,0.184,143000,76.4,1300,44.2,61900,3600,69600,2750,6900,887,40,1.2,3000,5.72,,0.09,380,98,1.7,5.4,45
0,CA,29500,2080,0.643,115000,70.6,1600,44.7,61400,4000,60000,2300,6600,874,70,1.8,5100,7.87,,0.12,630,118,12.4,5.8,61
0,CA,26100,733,0.029,86300,72.8,1200,51.4,60600,1600,91400,1340,200,975,80,1.1,300,26.5,,0.07,500,113,1.6,4.9,59
0,CA,21400,669,0.05,95500,67.8,1130,30.2,53000,700,91100,1450,100,1045,70,0.8,500,92.1,,0.08,460,90,1.3,4.2,49
0,CA,23100,1025,0.191,133000,60.6,1500,38.9,55300,5100,61900,2870,5000,758,130,2.1,3700,12.5,,0.14,380,99,2,5.8,52
1,CA,28500,2350,0.32,132000,65.4,1660,50.5,73300,9300,45800,3370,4400,814,70,1.1,13900,26.1,,0.07,510,117,2.1,5.4,40
1,CA,24800,109.5,0.007,86000,79.8,1130,52.8,52900,0,92800,1270,0,1260,70,0.7,200,2.58,,0,360,98,0.5,4.8,54
1,CA,32400,17.8,0.003,87700,89.3,1640,56.7,69000,100,109000,1280,0,1430,90,0.5,100,0.25,,0,880,122,0.3,4.8,63
1,K,27000,1170,0.041,105000,71.5,1410,114,60300,7600,71700,1830,300,974,60,1.6,1100,17.45,,0.08,520,110,2.2,5.6,45
1,K,24900,307,0.031,76500,78.2,1250,30.7,68600,1900,102500,1900,1000,1280,50,0.8,3000,19.9,,0.15,400,97,1.1,3.6,48
1,K,30800,13.3,0.011,98300,81.4,1310,36.2,65400,0,105500,1720,0,1205,100,0,300,7.83,,0,350,114,0.2,5.2,57
1,K,26800,579,0.011,96900,48.4,1060,14.9,60100,6000,57500,1620,3400,538,20,1.7,0,15.1,,0,960,109,4.6,6,119
1,K,30100,815,0.058,102000,65.9,1580,41.5,53700,10400,55300,2120,6000,830,100,0.8,0,20.8,,0,390,111,1.3,5.8,60
1,K,27100,43.4,0.001,68000,72.4,1480,49.3,61500,700,78800,1340,100,1095,60,0.6,100,6.25,,0,550,113,0.3,3.3,71
1,K,57700,8.6,0.006,35000,136.5,3500,278,201000,5200,55000,6300,500,1585,10,1.9,4000,0.79,,0.09,3600,250,4.5,3.3,108
1,K,69400,71.1,0.002,30200,44.1,24,81.1,84100,1400,22100,1560,29900,71.2,590,1.3,1100,0.92,,0,8180,472,4.5,9.8,119
1,K,27300,47.4,0.001,112000,65.6,1530,32.5,61000,400,72700,1820,1500,972,60,0.7,0,31,,0.06,1390,115,0.7,6.1,80
0,K,56200,93.8,0.01,61600,27.9,306,53.6,49900,3900,39900,1400,28400,140,2040,9.3,100,23.6,,0.05,3500,129,1.2,17.9,81
0,K,63600,48.7,0.001,25200,27,5,34.3,82600,1000,12900,1880,28600,42.5,660,1.6,500,3.22,,0,8490,267,3.3,13.2,128
1,K,66600,63.3,0.015,30500,37.3,10,89,71900,3200,25000,1480,30100,51.2,610,1.2,1100,2.48,,0,7270,428,5,10.1,124
0,K,65400,82,0.003,44600,37.4,10,81.5,70600,14100,17900,2150,19900,53.9,530,1,1200,2.94,,0,6120,406,4.2,8.2,104
0,K,56100,32.7,0.001,38300,32.8,17,64.4,55600,3100,27700,1420,27300,62,540,7.9,1700,1.39,,0,6620,329,6.8,8.6,110
1,K,61000,91.1,0.003,36200,46.7,13,94.3,83000,9100,17400,1770,22400,81.9,590,2.6,3300,15.55,,0,6220,373,5.7,8,175
1,K,25500,3.6,0.004,126500,69.9,1400,43.4,58600,1100,78900,1870,1300,983,90,3.9,100,0.33,,0,1660,106,0.1,6.5,64
1,K,71000,28.4,0.002,28000,50.3,22,99.9,92000,6400,24500,1520,16400,86.8,570,2.2,1200,0.89,,0,6120,442,2.5,9.3,200
1,K,73900,60.7,0.002,26200,42.3,10,83.9,75300,4200,20500,1290,28200,70.6,670,1.3,1400,1.44,,0,6860,478,3.2,12.8,172
1,K,73000,9,0.001,1600,47.4,10,179.5,91800,200,52900,508,17000,121.5,660,1.3,1100,0.73,,0,9700,473,8,13.6,131
1,K,63500,11.1,0.005,18300,48.1,11,440,130500,100,46400,1290,4200,61.6,590,2.2,1400,1.03,,0,8450,463,2,16.4,166
1,K,36800,144,0.003,80000,99.1,2050,84.1,80000,10400,43600,3110,400,950,100,1.4,1100,3.23,,0,730,153,1.1,5.7,71
1,K,72600,68.8,0.003,25400,47.5,23,149,95700,7000,18400,1420,22100,55.9,650,1.3,1800,1.58,,0,6370,439,1.9,10.6,149
1,K,19900,779,1.465,45100,99.6,1890,33.3,59900,300,112500,1250,2400,1580,20,0.8,1100,23.4,,0.08,430,82,1.6,3,50
0,K,30700,517,0.021,81900,80.5,1820,49,71700,3700,76000,1880,3200,1080,70,19.3,1300,7.71,,0.09,610,132,1.8,4.6,173
0,K,26300,476,0.006,83400,77.1,1580,33.4,64200,1700,83600,1480,4200,1120,70,1.3,400,48.1,,0.08,650,105,1.2,3.8,56
0,K,38500,6.9,0.002,108500,92.9,1630,66.5,67000,1100,78900,1940,1300,1020,120,1,100,13.2,,0.05,2410,151,0.2,9.3,68
1,K,32600,2.3,0.001,133500,90.5,1680,37.5,68400,1900,48600,2880,5000,959,110,0.7,100,0.38,,0.05,1950,130,0.1,7.5,71
1,K,33600,2.1,0,122000,91.9,1920,53.6,58700,1100,60300,2180,9600,1020,110,0.8,100,0.41,,0,2130,139,0.1,7.9,59
1,K,47400,0.5,0.001,46800,107.5,2380,58.1,80500,1600,37100,2620,10700,1010,190,0,600,0.25,,0,3020,179,0.2,10.7,75
1,K,31400,0.4,0,29500,88.5,1430,38.3,76300,100,142500,1040,400,1240,90,0,0,0.53,,0,2070,133,0.1,6.3,62
1,K,77500,3.1,0,51100,133,1060,61,69700,7600,21200,2440,29800,725,170,0.7,0,0.32,,0,2680,176,0.2,9.6,80
1,K,21600,1640,0.095,154000,73.1,1490,4.2,58600,6800,76100,2940,6100,1010,10,1.1,700,6.45,,0.09,310,87,1.5,7.6,31
1,K,46200,6.6,0.002,38500,133.5,3050,79,117000,2400,35600,4170,3300,1100,120,1,600,0.32,,0,2830,203,0.1,6.1,95
1,K,21000,103,0.004,116000,58.5,1260,26.5,54400,9300,53900,2800,400,880,470,1.5,500,6.01,,0,320,81,1.2,5.5,36
1,K,20000,112.5,0.031,113000,57.3,1330,30,51300,3400,69700,1580,2800,931,130,0.9,1000,70.5,,0,330,80,0.7,4.5,48
1,K,25300,748,0.623,99400,63,1480,27.8,42600,8400,50000,1820,6300,1020,200,0.9,1600,110.5,,0.14,210,93,1,5.2,30
1,K,24800,17.4,0.001,50500,86,1360,52.8,63900,100,127500,1250,100,1480,80,1.3,100,1.51,,0,420,96,0.4,3.9,68
1,K,70100,96.6,0.009,25800,23.5,212,40.2,46400,18200,17800,710,22300,101.5,890,13.1,800,7.81,,0,1270,130,0.7,8.5,112
1,K,86200,79.2,0.016,6500,21.5,222,42.6,37600,25900,4200,513,21200,81,1020,13.4,700,4.28,,0.05,1260,98,0.5,9.4,416
1,K,43300,44.3,0.01,12800,12.6,158,27.1,31700,5800,6500,499,24400,49.6,870,69.8,1300,6.89,,0,520,26,0.2,5.8,134
1,K,92500,91.8,0.012,6800,22.3,231,39.6,37800,29700,5400,537,15200,85.3,1000,11.8,700,3.68,,0,1420,96,0.5,9.4,64
1,K,71900,122,0.012,30000,19.3,110,34.4,34600,29000,17100,560,3800,67.5,800,17.7,400,3.62,,0,1860,99,1.2,10,74
1,K,69200,121,0.006,33500,23.6,197,41.7,40000,26100,16000,678,9400,86.5,910,16.3,700,3.13,,0.05,1770,127,0.7,9,96
1,K,77400,136.5,0.017,4300,16.6,257,40.8,37400,26700,3900,364,18300,64.6,810,22.4,900,14.25,,0,1550,99,0.9,8.4,282
0,K,80200,85,0.007,11400,16.9,172,34.5,33800,24500,9000,421,22100,65.2,860,7.8,700,2.39,,0,1530,86,0.7,9.7,55
0,K,57800,13.1,0.085,17400,11.1,144,47.9,32100,1700,15300,616,31600,52.6,640,4,300,1.54,,0,1520,89,2.3,9.7,50
1,K,69500,104,0.006,21600,21.9,180,55.3,30700,23600,5800,342,19700,70.4,850,7,1100,2.77,,0.05,1980,92,0.9,9.3,41
1,K,10400,6.8,0.002,5900,3.8,77,10,21100,3100,2000,346,2300,21.4,350,34,100,1.56,,0,300,12,0.2,3.4,57
1,K,84100,88.3,0.013,12400,21.8,177,48,43200,32400,10100,535,10600,83.2,980,14.1,1300,5.87,,0,1600,105,0.9,11.3,88
1,K,57600,93,0.01,28100,5.1,42,21.8,25600,1600,5200,804,44400,42.3,210,2.6,400,0.48,,0,1220,25,0.9,4,39
1,K,45000,350,0.003,83500,109,2550,63.8,77900,700,47100,2530,2700,1370,130,1.8,500,6.76,,0,830,183,0.7,5.2,97
1,K,57600,38.3,0.001,59200,37.7,11,83.8,60600,900,13900,2320,27500,65.6,520,3.1,600,1.9,,0,8720,354,2.1,18.8,72
1,K,29700,10.8,0.001,80600,50,1290,89.8,41400,0,105500,1200,200,1080,70,1.5,200,0.88,,0,440,110,0.3,3.6,82
1,K,19700,7.9,0.001,272000,9.1,1160,3490,28900,0,31900,2500,100,476,100,2.9,3100,0.33,,0,460,82,0.3,19.1,42
1,K,70700,12.5,0.006,10800,15.8,188,57.7,33100,15500,19800,314,21500,71.3,870,4.9,600,1.7,,0.06,1870,93,0.8,9.6,35
1,K,80600,41.6,0.008,8200,16.2,186,126.5,35600,20600,15800,315,24900,81.3,950,7.1,1400,2.6,,0.05,2390,108,1.3,10.2,50
1,K,76200,18.3,0.028,11300,18,173,31.9,35500,18000,13600,446,28000,69.8,860,5.4,700,2.17,,0.06,2030,96,1,10.7,71
1,K,72300,31,0.01,13900,20.5,206,41.3,35800,18600,13000,557,23500,81.6,850,11.3,1400,2.91,,0.07,1810,96,0.9,9.4,103
1,K,26600,69.9,0.008,140500,60.4,1750,54.3,67100,2100,44100,4180,13900,667,100,1.2,600,2.55,,0,1310,114,2.7,6.9,52
1,K,69100,107,0.061,39300,17.7,122,9.7,36400,1500,25900,697,46700,82.1,1210,5.8,600,1.08,,0,2420,81,6.5,10.2,34
1,K,64100,62,0.001,25200,43.1,8,69.2,98200,200,25700,1760,18600,79.1,590,4,700,0.96,,0,8790,407,5.5,18.4,113
1,K,23200,655,0.013,91500,72.3,1520,25.3,51700,8500,65100,1680,2400,1135,70,0.8,500,14.25,,0.11,360,95,1.4,3.4,53
1,K,28600,275,0.016,47100,75.9,1460,25.1,63400,5000,103000,1390,500,1115,100,1.5,100,9.36,,0,560,111,0.9,3.7,84
1,K,20800,235,0.017,24400,63.7,1370,21.2,49800,2400,116500,716,500,1080,40,1.8,200,22,,0.06,290,83,1.1,1.8,61
1,K,27700,13.2,0.001,52000,90.8,1660,60,65200,0,125000,1090,0,1510,60,1.5,200,1.21,,0,390,115,0.4,4,70
1,K,39500,321,0.052,43300,117,2980,64.6,79400,10400,40500,2670,15400,1280,90,1.6,2000,10.55,,0.08,870,179,1.9,2.3,97
0,K,21300,595,0.033,36200,75.8,1310,33.9,56700,3700,128500,956,400,1215,40,1.9,300,28.5,,0.05,430,90,1.1,3.5,59
0,K,26500,510,0.014,7000,81.1,1720,23.2,64400,7100,138000,817,300,1225,40,1.8,200,16.85,,0.07,190,103,1.1,2.3,68
0,K,80500,8.2,0.018,3400,28.5,82,277,48700,600,15100,492,51600,103.5,940,49.5,4000,0.58,,0.37,2690,104,2,21.4,2670
0,K,41600,332,0.009,80600,94,2560,73.2,55200,8600,37000,1380,400,993,210,4.7,1200,3.4,,0.09,1120,188,1.7,4.4,82
0,K,20600,20.9,0,96800,61.6,1260,35.1,53700,1000,87600,1240,0,944,50,0.7,300,0.82,,0,340,88,0.6,4.1,67
0,K,21700,97.5,0.003,50000,90.3,1560,21,57800,0,109500,945,0,1400,50,0.9,300,0.78,,0,590,98,0.6,3.1,62
0,K,27600,198.5,0.017,44300,83.7,1620,48,65900,0,122000,1050,0,1280,90,2.1,1000,2.24,,0,480,116,1.1,3,65
0,K,68900,12.4,0.003,3500,22.7,174,57.7,53500,20000,29100,388,17000,103,920,12.1,700,0.85,,0.05,3470,122,1.4,10.7,106
0,K,15500,52.4,0.002,109500,45.6,942,108,35800,100,63800,1720,100,662,50,2.4,200,3.91,,0,230,58,0.4,7.5,55
0,K,24800,110,0.005,122000,74,1580,134,44700,100,70200,1640,100,1240,40,3,1000,23.7,,0,410,101,0.5,10.5,71
0,K,23000,371,0.009,84000,58.3,1220,53.7,48300,100,77600,1880,100,975,20,16.4,800,10.5,,0,250,86,0.5,6.7,186
0,K,31000,52.4,0.003,23000,86.5,1780,34.7,62700,0,131500,1060,0,1330,100,1.5,100,12.85,,0,360,113,0.7,2.3,112
0,K,27800,514,0.019,18500,75.6,1930,26.7,61700,6000,128500,766,800,1145,60,1,300,18.35,,0.09,510,105,1.6,1.8,85
0,K,31000,71.5,0.003,99700,87.7,1970,43.8,79200,9000,59500,2800,500,1095,90,1.1,400,239,,0,810,131,1.3,5.2,79
1,K,27600,1060,0.005,82500,81.2,1660,30.7,60000,1000,106500,1220,200,1300,40,2.8,100,35,,0,550,112,1.9,3.7,77
1,K,73200,94.6,0.005,39600,53.6,18,104,89700,5600,23700,1700,30900,107,680,2.5,3000,2.51,,0,8590,479,6.6,10,207
1,K,71800,191,0.008,26900,52.2,13,118.5,74700,10800,18100,1470,29000,247,680,2.4,1700,24.8,,0,7570,465,26.7,14.3,253
1,K,66700,116,0.005,45300,53.2,13,104.5,62900,16700,18300,2260,22600,85.4,600,2.7,3600,1.97,,0,8110,418,7.2,11.4,455
1,K,24800,106,0.004,117500,56.8,1100,32.1,52600,7900,65500,2280,2800,668,420,2.1,600,29.2,,0,810,89,1.3,6.6,63
1,K,38100,213,0.001,76800,107.5,2020,85.8,85900,700,42700,3440,2700,825,100,1.8,1500,2.72,,0,1100,156,1.2,4.6,73
1,K,55800,84.5,0.001,12700,52.8,22,75.5,127500,600,9300,2090,500,35.9,770,1.9,800,3.87,,0,4430,381,0.4,8.5,152
1,K,79400,53.8,0.004,4600,25,195,54.1,48500,20300,19700,307,17600,108,910,6.9,700,2.19,,0.07,2320,128,1.3,9.6,113
1,K,75200,26.5,0.006,14100,21.2,179,131.5,41300,14500,16400,568,26600,79.6,780,8.6,1000,2.38,,0.06,2130,95,0.9,10.4,80
1,K,74100,31.3,0.013,5700,14.9,208,30.5,38700,14400,16900,340,33000,69.4,820,15.5,2100,1.6,,0.06,1790,93,0.9,9.8,70
1,K,62000,44.8,0.006,38300,15.7,109,70.8,39300,23600,17400,614,11700,62.3,620,45,400,7.68,,0.05,1570,72,0.7,12.4,111
1,K,63900,17.1,0.006,28400,17.5,164,76.4,40000,24800,20100,912,6500,81.9,870,13.2,500,3.13,,0.07,2150,106,1.2,11.1,57
1,K,81200,20.6,0.003,39300,9.8,80,23.4,26600,31200,15700,590,14400,41.9,700,41.5,500,3.32,,0,1800,52,0.8,9.8,75
1,K,13700,9.8,0.002,14300,3.5,50,109.5,22800,2300,6000,505,4800,18.9,210,51.3,800,1.64,,0,300,19,0.1,2.8,47
1,K,77600,66.2,0.005,19000,20.4,149,40.9,36100,19300,16500,621,30800,79.2,890,4.4,700,2.98,,0.06,1650,99,0.6,10.5,70
1,K,4100,3.8,0,33900,2.2,41,5.3,22800,700,13200,489,2200,9.2,240,234,200,3.05,,0,110,6,0.1,4.6,74
1,K,67100,83.3,0.024,19200,26.6,297,54.3,44800,18000,18400,625,22300,77.4,880,26.1,6700,33.2,,0.15,1880,96,0.9,8.4,120
1,K,81900,95.1,0.006,11200,20.8,172,47,38600,18400,15200,437,25900,81.2,840,16.7,1700,18.8,,0.11,2110,110,1.1,9.3,77
1,K,81200,55.5,0.007,9800,19.9,165,41.8,36800,25500,8100,458,21600,76,860,11,1200,13.6,,0.09,1390,102,0.7,8.8,52
1,K,36200,17.6,0.005,32900,8.8,119,33.6,29800,11900,15300,521,6900,42.5,530,39,1200,7.86,,0,770,45,0.5,5.2,117
1,K,24600,93.4,0.023,133000,55.9,1470,97.7,67900,200,25000,2610,200,626,100,1.7,9800,0.62,,0.15,420,88,4.3,6.5,41
1,K,33500,364,0.014,159000,104.5,2230,633,75600,900,53700,2710,2600,1135,120,1,500,5.46,,0,1210,148,1.6,7.2,68
1,K,72000,73.1,0.015,38100,46.6,23,99.9,78800,15300,16800,1620,28700,118,610,1.3,1800,1.66,,0,8710,491,18.7,8.8,161
1,K,50200,8.7,0,46900,135.5,2670,63.7,72700,2700,52600,1580,13800,1415,180,1,900,0.78,,0,3330,227,0.1,10,96
1,K,28500,707,0.058,90000,76.5,1820,45.8,59200,100,101500,1060,100,1090,10,0.9,2100,19.25,,0.1,470,131,1.3,4.8,47
1,K,24600,30.6,0,111000,80.4,1390,25.8,61300,0,64300,2920,100,1120,60,0,600,0.32,,0,420,95,0.6,4.4,50
1,K,16000,55.8,0.002,116500,58.5,1140,20.2,49100,0,85300,1860,200,969,30,5.1,500,3.96,,0,540,67,1.3,5.3,30
1,K,50200,7.8,0,29800,101,3140,65.4,118500,0,43500,2170,200,845,90,0,100,3.14,,0,1050,212,0.9,3.6,123
1,K,34800,11.6,0.004,106500,35.7,1710,19.6,59400,100,104000,1960,100,817,20,0.6,0,0.67,,0,210,137,0.2,4.8,58
1,K,69000,29.7,0.084,35100,29.3,188,5.5,48000,300,41500,656,36700,119,2160,1.5,3500,5.43,,0.09,2760,105,5,10,48
0,K,75200,70.9,0.006,34000,21.2,183,39.9,37700,26500,19600,551,7600,85.8,810,13.2,1600,11.95,,0.08,1520,93,0.8,9.8,93
0,K,77300,46.1,0.013,15900,25.1,241,46.6,40000,15600,17800,546,32000,77.6,830,13.5,5300,3.73,,0.08,2420,98,1,10.5,54
0,K,80000,47.1,0.001,20200,20.6,176,43.5,37600,16700,15600,661,37600,78.7,810,7.9,2400,2.32,,0.07,2030,100,0.8,10.4,90
0,K,81600,64.1,0.001,19300,18.2,146,34.8,36600,17100,16000,619,25600,69.6,830,25.8,1200,7.48,,0.05,1590,81,0.9,9.3,56
0,K,85200,48.1,0.006,6800,20.1,160,29.1,34000,20200,9400,485,31500,62.7,790,13,1600,3.08,,0.07,1330,89,0.4,8.6,39
1,CA,79400,14.1,0.003,2300,8.7,175,5.7,24200,12100,9500,71,40200,65.9,840,8.5,1500,2.4,,0.06,1560,87,0.5,9,55
1,CA,52500,140,0.597,58000,21.4,154,48.8,42000,3400,29200,916,35100,56.7,410,4.4,17400,3.21,,0.18,1400,89,19.5,9.3,22
1,CA,61400,5.9,0,52800,44.3,553,46.2,68700,16100,66300,1220,21500,225,1570,9.8,0,0.61,,0,4720,185,0.4,30.8,98
1,CA,64900,7.4,0,53600,41.7,511,8.7,68700,23800,64600,1240,20500,217,1590,5.1,0,0.85,,0,4720,175,0.4,29.5,116
1,CA,58900,7,0.024,19200,20,147,10.6,41400,11700,15000,972,28300,34.8,1520,15,10900,6.16,,0,2810,104,0.8,16,68
1,CA,72700,12.6,0.024,33700,40.1,79,111.5,108500,5300,20100,2780,16700,71.9,680,3.7,2700,1.47,,0.08,6030,331,0.5,16.7,151
1,CA,75000,9,0.021,29900,48.6,108,108.5,95000,6000,22800,2160,21900,90.5,690,3.7,2500,1.42,,0.09,5040,314,0.3,13.8,158
1,CA,80100,28.1,0.01,11400,38.6,288,75.3,52900,18100,14900,657,20800,110.5,900,13.8,4200,1.63,,0.08,2800,153,0.7,14.2,105
1,CA,73400,28.5,0.005,19400,48,74,78.9,102000,1400,15800,1950,29100,50.4,820,5.3,2200,2.12,,0,5340,346,0.3,18,142
1,CA,62000,2.5,0,37900,38.7,419,81.3,66900,16000,58100,1140,26700,153.5,1710,4.5,0,0.5,,0,4670,183,0.4,30.5,106
1,CA,59400,4.4,0,44400,40.5,514,5.7,69500,23300,62400,1260,20300,176.5,1660,9.9,0,0.43,,0,4610,187,0.4,31.8,126
1,K,68800,2.4,0,32500,26.2,215,55,51900,15100,35400,742,24600,89,1260,6.7,200,0.72,,0,3120,138,0.5,20.6,102
1,K,68100,5.5,0,29800,28.1,211,46.6,54900,21000,32500,980,22400,82.2,1300,22.3,1000,1.01,,0,3760,151,0.5,31,104
1,K,67300,3.5,0,28300,26.4,229,35.8,54300,25400,32600,923,25800,82.6,1320,15.3,200,1.81,,0,3230,147,0.3,31.7,96
1,K,27700,2.5,0,30300,11.2,83,24,29100,5500,13700,1020,12100,22.6,460,4.9,1200,0.84,,0,1550,80,0.1,10.1,36
1,K,56500,3.3,0,39700,22.9,182,37.3,49600,17500,30800,1080,18900,67.7,1000,7.4,100,1.27,,0,2930,137,0.4,19,88
1,K,65200,4.8,0.002,29500,23.7,246,42.7,52000,28000,34800,944,24100,77.3,1240,10,0,0.42,,0,4120,139,0.5,31,101
1,K,69000,3.7,0,25600,21.4,160,24.8,52000,8700,24300,763,36500,41.2,2130,7.9,0,0.8,,0,3780,143,0.7,26.1,99
1,K,69700,4.3,0.002,35100,22.9,156,4.6,57900,24200,25400,789,29500,41.8,2130,6.7,0,0.61,,0,4530,164,0.6,34.9,78
1,K,73700,2.8,0.005,34500,23.3,145,48.3,48400,20500,29600,734,33000,55.5,1520,16.2,200,0.57,,0,2570,174,0.5,24.8,80
1,K,5500,1.3,0.012,4300,1.8,62,2170,9300,900,1500,123,2900,4.8,140,9,1900,0.23,,0,290,14,0.1,2.3,6
1,K,3000,1.2,0.003,2700,1.8,56,1245,9100,600,1400,150,1400,3.9,90,5.2,1200,0.21,,0,160,11,0.1,1.7,6
1,K,69000,4.6,0.001,30300,25.6,260,44.8,49500,14600,34800,949,31100,79.5,1350,9.2,0,1.29,,0,3630,147,0.4,24.2,99
1,K,65100,4.6,0.004,39400,13.5,97,25.5,32500,14700,23200,752,25100,33.4,890,5.4,300,0.38,,0,2570,80,0.7,22.6,69
1,K,81100,8.5,0.001,15800,18.5,147,7.6,44600,18800,23900,739,35900,46.4,1310,14.9,0,0.86,,0,3960,112,0.6,29.6,93
1,K,79300,2.9,0.002,19200,24.2,55,28.7,56500,1500,33000,949,43900,21.6,1610,7.9,0,0.94,,0,3480,177,0.4,12.5,134
1,K,69600,7.7,0.001,31800,19.7,121,30.2,42600,11500,27100,945,36400,38.7,1280,8,0,0.48,,0,3160,118,0.4,13.7,97
1,K,77100,2.5,0,13200,9.6,71,3.1,28000,13300,9200,261,42900,25.7,770,4.2,0,0.78,,0,2220,69,0.7,11.5,59
1,K,69500,38.8,0.009,10600,18.9,193,33.8,38100,17700,4600,639,20600,70.8,570,9.2,1500,1.25,,0.05,1170,99,0.3,7,99
1,K,5700,2.8,0,21100,1,43,10.2,7200,1700,1000,362,3100,2.3,80,3.8,300,0.25,,0,190,8,0.1,1.2,7
1,K,72500,8.8,0.005,25700,20.8,121,33.1,47600,24500,25100,869,32400,37.3,1380,10.2,0,1.41,,0,3500,137,0.6,14.7,90
1,K,72600,9.9,0.001,26100,30.8,108,70.8,64800,28700,33300,1120,23100,28.3,1960,15.8,400,1.25,,0,3140,213,0.2,16.9,108
1,K,66600,5.5,0.005,7000,15.3,131,20.7,27900,17400,9100,348,23300,58.5,420,4.3,400,0.56,,0,1950,82,0.6,8.3,56
1,CA,73200,1.6,0,24900,14.2,40,18.3,28600,24100,11000,616,36800,13.8,1000,8.7,400,0.41,,0,1870,72,0.3,11.8,48
1,CA,72800,2.7,0,24900,28.9,161,28.2,61300,7300,30600,816,35700,47,2590,10.6,500,0.78,,0.06,3550,174,0.5,30.2,110
1,CA,70700,4.2,0,35200,22.6,172,12.7,52200,20700,27800,844,32400,47,1900,11.5,0,0.89,,0,4040,141,0.5,32.6,93
1,CA,70900,7,0,33500,23,168,11.5,52100,27300,30400,1010,32200,44.3,1880,13.7,0,1.38,,0,3970,141,0.6,33.9,105
1,CA,69200,1.4,0,25600,12.8,59,14.8,29200,16500,13800,604,40500,18.6,990,6.4,100,4.52,,0,1790,73,0.5,11,64
1,CA,67500,28.5,0,61500,42.5,78,106.5,67200,19400,30100,1560,5600,77.3,360,2.2,900,3.96,,0,5150,264,0.1,6.1,85
1,CA,69600,33,0.004,15700,18.4,151,43.7,36300,19700,9700,590,19300,76.5,630,7.8,600,1.01,,0,1980,115,0.9,10.6,61
1,CA,67200,29.3,0.004,11400,12.2,128,25.9,33900,19200,10100,505,20000,63.3,580,13.1,700,0.74,,0,2440,87,0.6,9.4,75
1,CA,22600,12.7,0.004,15300,8.7,47,24.7,40700,3900,13700,836,1300,44.8,260,32.1,4700,1.12,,0.05,230,32,0.8,2.8,74
1,CA,83700,31.4,0.003,9500,19.5,179,37.1,37200,26500,17500,519,21600,77,960,14.4,100,1.53,,0.05,2140,103,1.2,12.5,85
1,CA,56200,14.5,0.006,14000,13.4,123,12.8,36300,17300,15200,792,6900,59.5,650,37.5,1600,1.72,,0,970,71,0.6,6.4,95
1,CA,69100,24.2,0.005,20300,13,156,36.8,36700,16500,14000,886,22200,75.4,770,16,500,1.91,,0,1570,83,1,7.7,74
1,CA,900,2.5,0.001,2900,0.3,40,4.2,7200,100,1000,128,700,1.7,130,4.4,0,3.26,,0,0,3,0,0.5,7
1,CA,75100,35.2,0.006,11700,18.4,213,40.4,36000,11000,12500,567,35200,80.4,830,17.2,1300,3.32,,0.06,1390,93,0.9,9.1,81
1,CA,80000,38,0.007,11300,18,187,44.6,38100,20900,13600,573,24600,83.1,1010,12.6,700,3.76,,0.05,2270,117,0.9,10.4,90
1,CA,43800,1.8,0.002,18800,17.4,100,12.7,34700,7200,6500,787,21600,37,890,16,700,3.66,,0,1640,61,0.5,10.1,66
1,CA,82600,4.2,0.003,5000,17.3,133,27.8,35800,25800,2700,939,19900,49.2,1590,9.3,100,0.59,,0,2580,135,0.8,13.6,99
1,CA,88200,4.6,0.003,15300,23.3,171,15.7,47300,24000,6800,1000,27200,58.2,1630,7,200,0.71,,0,3530,155,1,15.9,94
1,CA,68600,3.5,0,20200,19.7,148,47.5,39100,19500,8500,500,27200,56.6,1280,11,100,2.93,,0,2660,107,0.6,14.8,79
0,CA,65500,2.7,0.002,40900,24.7,197,33.5,47100,13800,23300,947,26300,88.7,1180,12.3,400,1.21,,0,1960,116,0.5,14.3,77
0,CA,74300,5.5,0.001,22000,21.6,175,29,46300,22900,10600,1080,19600,81.5,1240,10.5,100,0.97,,0.05,1680,111,0.3,13.7,130
0,CA,67200,6.5,0.002,32300,22.3,129,38.3,42700,21100,17300,802,16300,53.5,1240,6,500,0.8,,0.05,1470,131,0.4,10.8,82
0,CA,72200,3,0.002,47700,20.1,66,6.4,49600,17200,15300,957,31200,20.9,1690,7.1,0,1.38,,0,4090,171,0.6,13.6,101
1,CA,69300,5.1,0.001,47100,15.7,119,8,35200,25100,20800,983,25700,40,1260,12,4200,2.62,,0,2010,83,0.4,15.1,58
1,CA,82000,2.6,0.001,37200,20.1,70,56.5,56200,30600,13900,539,22700,25.2,2030,5.2,0,1.44,,0,4740,185,1,16.1,110
1,CA,84200,11.9,0.001,19600,17.4,76,45.8,57800,28000,12000,1060,34500,21.9,1930,7.9,0,1.15,,0,3830,188,0.5,17.2,97
1,CA,75300,3.6,0.009,29000,23,169,8.8,41200,23600,20000,750,24300,74.8,1430,35.8,500,0.74,,0,2270,150,0.5,14.4,79
1,CA,57400,3.8,0.001,51400,23.3,173,48.1,43400,24900,25600,912,8400,58.3,1250,4.7,500,0.85,,0,2100,123,0.4,13.4,67
1,CA,72000,14.7,0.002,46200,32.1,276,22.9,57700,23600,41900,1000,23200,89.6,1540,14,0,1.29,,0,4480,169,0.6,29.1,100
1,CA,89400,10,0.007,5800,12.2,51,13.6,33700,26000,2600,511,26200,15.2,740,13.2,800,1.51,,0.14,1250,93,0.4,6.5,71
1,CA,75100,9.4,0.004,29800,16.2,66,26.5,43500,19900,17100,947,30100,21.7,1340,7.1,1100,1.18,,0.09,2340,121,0.6,10.7,125
1,CA,70000,4,0.006,28600,17.7,61,36.8,39900,15800,10300,839,36700,19.3,1230,8.4,1000,1.46,,0.08,2110,109,0.4,8.9,78
1,CA,77000,2.8,0.002,15100,17.8,82,27.7,40800,12800,25500,823,43100,32.3,1200,11.8,100,1.48,,0,1870,112,0.2,26.6,87
1,CA,69700,2.4,0.001,28500,16.8,118,7.9,39900,18900,23100,946,26900,39.2,1160,6.8,300,1.02,,0,2690,107,0.7,14.3,104
1,CA,5600,1.6,0.001,34800,7.1,58,123,25100,1000,12000,699,2800,12.3,220,7.6,200,1.91,,0,280,13,0.1,3.6,52
1,CA,78100,4.5,0.003,25900,24.9,194,34.1,57500,28200,9400,1340,20700,50.6,1850,9.8,100,3.73,,0,3770,170,0.5,18.2,106
1,CA,11800,1.2,0.004,40300,9.7,84,46.5,28900,3000,13000,996,3400,13.6,280,8.1,400,2.17,,0,430,20,0.1,4,43
1,CA,74100,3.3,0.006,14600,21,210,61.6,42800,22000,5100,957,25400,44.5,1460,7.9,100,3.73,,0,2910,131,0.4,16.6,111
1,CA,87200,1.9,0.003,6400,35.9,245,131,90700,30600,2600,2210,15000,76.5,2320,5.8,1300,1.47,,0,2090,200,0.5,25.7,114
1,CA,73000,19.2,0.004,32800,28.8,276,36.5,56100,35000,35300,1040,24800,87.3,1720,5.7,200,1.82,,0,4410,157,0.8,27.7,98
1,CA,65400,46,0.014,13000,18.3,162,50,37600,17500,6400,612,18200,73.8,560,35.7,800,1.46,,0,1440,104,0.3,8.8,60
1,CA,64000,4.6,0.002,21700,18.8,159,30.3,34200,13200,13800,692,21900,76.4,600,6.9,500,1.41,,0,1870,92,0.4,8.4,81
1,CA,74200,5.7,0.004,7400,22.8,146,39.4,48000,11900,14800,452,24500,93.4,940,5.6,700,1.33,,0,2480,106,0.6,11.2,111
1,CA,64600,8.7,0.001,75000,19,91,42.9,45700,28600,11700,1180,8300,35.7,1360,9.8,100,5.75,,0,3450,122,0.6,17.7,74
1,CA,82600,56.3,0.014,46300,29.8,194,14.4,59200,35400,27600,1140,21300,61.8,1890,7.9,13700,12.1,,0,4310,180,0.6,21.3,92
1,CA,61100,18.8,0.002,36100,26.8,272,19,56100,15200,39500,1070,33000,106.5,1180,23,400,2.17,,0,3740,153,0.8,19.6,104
1,CA,74900,3.1,0,20400,10.5,68,3.3,31100,20900,8300,812,26600,25.8,820,12.1,100,5.77,,0,1630,64,4.6,11.9,90
1,CA,79000,3.9,0,16800,9.8,69,9.9,28200,24600,7600,640,24700,24.8,890,11.8,200,2.82,,0,1910,72,1.2,12.5,81
1,CA,68200,3.9,0.002,27000,14.5,82,103.5,38400,17600,12400,1000,26400,49.6,850,5.7,500,1.47,,0,2160,93,0.6,12.6,87
1,CA,76900,27.5,0.012,18600,33.3,164,22,57400,15300,15000,822,21300,98.2,590,4.2,1500,1.48,,0.09,2900,151,1.4,8.6,112
1,CA,63700,4.8,0.003,36900,20.3,98,40.6,44600,12300,18100,953,23500,67.3,490,3,800,1.3,,0,2240,106,0.6,8.3,67
1,CA,71300,7,0.001,19800,19.8,90,32.6,44100,10400,16800,653,43700,28.5,1420,8.8,500,1.79,,0,1540,115,0.3,10,104
1,CA,44700,1.7,0.001,36000,11.4,86,20.7,28400,11100,15300,634,15400,35.9,420,5,400,0.85,,0,1270,60,0.3,6.1,48
1,CA,400,14.1,0.001,3700,1.2,71,5,10200,100,1500,243,200,13.5,10,0,0,0.62,,0,0,6,0.1,0.3,4
1,CA,22900,880,0.021,115000,45.9,1350,15.2,51100,6400,64300,2750,2600,596,10,0.8,200,2.42,,0.12,140,88,0.9,6.3,31
1,CA,1000,30.3,0.002,17500,2,92,10.9,10300,200,3200,339,400,49.7,0,0,100,0.88,,0,0,5,0.1,1,4
1,CA,67100,7.9,0.011,41900,41.1,11,90.8,95900,5200,23600,3000,21500,41.8,600,2.5,500,1.16,,0,10300,456,0.5,10.6,133
1,CA,71900,1.2,0.001,43900,29.7,151,18.1,50300,10700,35100,823,27000,111.5,1650,2.3,0,1.68,,0,3920,132,2.1,13.1,73
1,CA,61600,25.1,0.004,51900,32.7,7,86.2,113500,1400,22500,3650,18100,33,530,0.9,1400,1.61,,0,9220,413,0.4,9.6,118
1,CA,68600,18.6,0.003,55900,48.2,6,93.3,108000,1900,21800,2590,24200,41.8,580,0.7,1300,1.84,,0,10250,461,1.2,11.3,121
1,CA,69100,11.8,0.003,38300,45.1,7,37.3,112000,1900,29300,1850,19900,36.2,570,0.8,900,0.84,,0,9970,445,1.9,12.2,124
1,CA,8000,4.9,0.02,5700,6.5,33,22.1,19100,600,2500,1330,2700,5.5,650,1.9,700,0.86,,0,1220,53,0.4,10.9,21
1,CA,61200,33.6,0.004,50300,42.7,7,78.4,133000,1000,30000,3490,8500,43.8,570,11,2300,1,,0,8880,410,2,11.4,150
1,CA,79600,34.3,0.001,42500,65,8,14.8,170000,800,43700,1330,10000,63.2,660,4.5,6700,0.58,,0,9250,558,1.9,12.6,169
1,CA,39000,14.2,0.002,89400,33.1,13,69.2,100500,500,19700,3280,3900,47.8,360,3.9,2500,1.23,,0,5700,284,0.6,48.8,110
1,CA,60900,17.9,0.004,52400,37,7,88.8,102000,2100,26400,2990,15500,32.3,490,1.8,400,1.37,,0,8740,407,4,9.2,118
1,CA,68000,14.6,0.001,47800,60.2,6,89,87900,5200,21300,2760,26700,67.9,590,1.4,1000,0.94,,0,10250,438,1.5,9.5,125
1,CA,8800,8.4,0.003,259000,32.1,556,17.2,19100,200,13200,2890,600,362,80,0,0,0.11,,0,300,38,0.3,6.8,22
1,CA,68400,5.8,0.002,40800,53.8,8,91.5,109000,3200,22900,2700,22400,67.9,590,0.8,900,0.96,,0,10000,464,1.3,9.9,150
1,CA,80800,5.1,0,46500,33.6,192,19.9,54900,27900,37600,837,21900,146,1830,3,0,1.8,,0,4370,161,11,14.7,80
1,CA,64700,6.2,0.007,42600,38.8,7,84.1,112000,4100,18700,3090,17000,42.5,550,1.7,1800,0.57,,0,9020,423,1.2,10,109
1,CA,60000,5.3,0.002,49400,37.9,6,92.6,115500,1700,29800,2270,12500,28,530,5,6200,0.99,,0,8300,404,1.4,13.2,134
1,CA,66900,9.3,0,44000,32,146,50.3,63700,1100,71100,1160,18900,35.5,3260,4.4,100,0.43,,0,1220,177,0.6,16.4,102
1,CA,18700,207,0,42000,36.9,821,27.2,34400,0,48000,847,100,516,40,1.8,100,7.18,,0,230,77,2.3,2.5,44
1,CA,25300,61,0.003,143000,47.2,723,36,51600,900,40600,2290,8000,592,160,0.7,1400,0.46,,0,1240,128,0.5,8.3,46
1,CA,83200,58.7,0.007,60500,66.6,14,1.8,171000,600,41400,1830,12400,63.9,750,2.6,100,0.51,,0,9830,583,6.5,13.1,172
1,CA,41000,126,0.011,71900,132.5,2580,105,120500,300,38700,4170,400,1300,90,1.3,2800,0.75,,0,1270,173,0.7,4.8,127
1,CA,65200,15.4,0.003,66700,48.7,27,86.1,113500,3900,17500,3760,19700,81.8,610,1.7,1800,0.48,,0,9930,423,1.8,9.4,131
1,CA,30200,398,0.016,93200,68.4,1340,25.6,65100,3100,64300,1960,4600,741,40,0,400,65.6,,0.05,600,128,0.4,5.1,63
1,CA,25700,548,0.006,59400,84.4,1420,58.3,61400,200,101000,850,200,1215,40,0,100,24.2,,0,230,111,0.3,2.8,54
1,CA,27900,1330,0.038,104000,101,1810,9.4,64200,13100,69100,2720,3700,892,20,0.6,1400,22.3,,0.08,460,118,1.5,6.1,36
1,CA,30200,1390,0.017,132000,135,1580,7.3,60900,13500,63000,3010,3800,912,250,0.6,1300,11.3,,0.09,560,118,1.6,7.9,34
1,CA,19600,1150,0.008,63800,64.5,1680,25.7,61200,7500,104500,1080,300,986,30,1.2,200,22.1,,0.15,320,76,1.9,3.2,48
1,CA,30200,268,0.016,80000,107,1870,49.3,152000,300,37600,7240,0,1270,50,3.8,7000,0.66,,0.11,1430,126,1.6,5.4,79
1,CA,23100,1105,0.177,119500,98.5,3920,32.3,60600,5700,74100,2100,200,726,120,0.7,2000,3.39,,0.05,320,110,1.5,4,93
1,CA,51200,104.5,0,68700,145,2470,94.8,95100,700,40000,2830,5800,988,150,1.2,200,0.55,,0.07,1070,216,0.5,4,120
1,CA,38300,8.6,0.006,61100,119,2400,49.1,61900,100,45600,1730,1000,1410,110,1.2,400,3.27,,0.07,2430,164,0.2,8.9,98
1,CA,26100,644,0.018,95500,73.9,1290,35.4,53800,100,95000,1180,300,1120,70,2.3,200,11.15,,0.06,250,112,0.7,4,65
1,CA,35600,51.2,0.008,116000,71,1060,57.7,71100,12300,52600,2780,300,628,110,1.2,300,1.69,,0,730,144,1,7.1,56
1,CA,19000,78.1,0.014,135500,53.3,1210,55,41100,3800,23900,2420,1100,559,90,0.5,300,1.56,,0,220,78,1,5.1,34
1,CA,8000,978,0.169,131500,62.9,1130,15.2,38500,0,85300,1600,100,1290,10,0,0,37.5,,0.17,180,35,1.2,4.1,14
1,CA,31300,725,1.955,94300,68.5,1500,111.5,91600,10600,34200,5020,8800,559,70,1.1,14400,13.9,,0.13,480,125,2.9,4.6,34
1,CA,20100,899,0.017,142000,58.4,1330,5.4,52100,6800,76300,2040,2800,754,20,0.9,100,12.45,,0.08,190,86,1.3,5.4,33
1,CA,25600,400,0.044,104500,72.7,1470,38.6,63700,200,89400,1460,100,1040,110,1,0,3.87,,0.07,480,113,1.2,4.6,71
1,CA,14600,909,0.017,109000,73.7,2190,10.1,53300,0,129000,1360,100,1385,10,0.8,500,29.2,,0.2,240,65,1.4,2.7,49
1,CA,66900,66.7,0.038,34700,33.3,17,45.1,82400,8600,18700,1880,23400,30.1,730,0.9,400,1.33,,0,3480,299,3.9,10.6,181
0,CA,67200,54.2,0.001,37300,42.3,23,85.8,68200,2100,26600,2020,23900,61.1,470,0.7,100,0.81,,0,6120,476,0.9,9.1,164
0,CA,68500,72.1,0.004,30900,36.3,8,57,66100,5000,18100,1590,32400,54.8,620,0.6,1000,1.06,,0,4450,390,2.8,8.5,152
0,CA,73900,32.7,0,37100,47.9,9,128.5,91100,3400,20100,2080,25400,121,630,0.9,1600,0.36,,0,4280,445,1.7,10.4,152
0,CA,62300,1.8,0,47600,42.1,7,90.1,118500,600,29600,2030,11200,32.5,480,0.9,1000,0.54,,0,8460,415,2.3,11.2,151
0,CA,72600,5.7,0.001,9100,44.4,7,80.4,74400,500,32500,1060,28300,77.8,630,1,1500,0.57,,0,6010,485,1.4,12.3,94
0,CA,71300,5.5,0.001,39300,43.6,9,119,99200,1500,33400,1480,18600,54.6,600,1.2,2300,0.9,,0,5110,456,2,6.4,138
0,CA,53800,11.9,0,91800,45.2,136,72,79300,100,52700,2000,6700,216,530,0.8,400,0.57,,0,6750,334,0.6,9.6,119
0,CA,43800,105.5,0.048,78900,51.4,707,38.9,67100,300,44000,2440,25300,521,360,0.7,1500,15,,0,3410,189,1.4,6.5,64
0,CA,47100,160,0.001,63800,67.8,654,78.2,75200,0,91200,1380,100,742,380,1,100,2.86,,0,1980,275,1.4,7.6,106
1,CA,41200,96.4,0,78000,73.9,932,70.1,65800,1700,51800,2200,15300,876,270,0.6,2000,2.52,,0,3060,188,0.5,7.5,83
1,CA,76900,38.7,0.001,36400,48.4,21,108.5,70700,6800,20600,2510,29000,89,590,1.9,1800,0.42,,0.05,3330,469,0.9,10.1,231
1,CA,61300,47.2,0.007,54000,42.5,7,89.6,109000,13600,26700,1700,4500,32.7,500,1.6,900,1.24,,0,7250,396,9.7,7.3,145
1,CA,17300,102.5,0.004,106500,50.2,882,19.9,50100,4600,54600,2200,2200,733,130,0,800,262,,0.05,230,75,0.4,4.7,63
1,CA,30000,137.5,0.011,120500,50.4,1310,16.8,51200,2700,60200,3610,15700,462,110,0.5,200,12.35,,0,440,105,1.2,4.9,51
1,CA,14400,246,0.009,111000,62.7,1080,15.4,47300,100,76700,1780,100,1145,40,1.2,300,2.96,,0,440,65,1.7,2.2,53
1,CA,44900,7.7,0.006,91000,173.5,2600,92.9,77100,7800,36400,4070,21500,1520,120,1.9,1100,0.46,,0,2840,191,0.3,12.7,105
0,CA,61900,360,0.007,45300,89.8,14,88.3,90200,5400,17800,1880,24300,328,560,2.7,12700,44.7,,0.06,8530,434,12.2,10.3,116
0,CA,33600,260,0.005,73100,145.5,2130,100,132500,100,36800,5180,100,1080,180,1.5,5700,1.86,,0.07,500,141,0.6,4.2,97
0,CA,71600,57.7,0.003,36300,45.1,19,94.5,72900,4300,18100,2060,28200,69.3,650,0.8,1700,1.6,,0,7060,456,2.6,10.5,230
1,CA,68300,69.3,0.004,11800,35.8,21,1125,83100,300,41800,581,19500,67.1,470,1.7,1100,0.67,,0,7100,536,3.7,30.9,109
1,CA,53300,46.4,0.005,38000,31.1,8,57.5,53800,3400,13800,1350,21300,27.1,570,1.3,500,1.34,,0,4960,279,26.6,9.3,118
1,CA,71500,43.6,0.004,36600,50.3,14,214,104500,300,24700,1720,22500,67.6,530,1.7,4000,1.41,,0,4680,521,0.3,9,156
1,CA,37600,3.1,0.002,17100,115,2250,63.3,89600,100,135000,787,200,1670,110,1.2,900,0.55,,0,2410,161,0,6.4,92
1,CA,62200,5.4,0.002,66300,107.5,1020,56.7,63600,4100,41800,1720,32400,1200,200,1.1,2400,5.44,,0.06,3800,227,0.5,11.2,70
1,CA,37000,368,0.016,76900,116.5,1970,114,73200,0,95000,1620,100,1515,120,1.1,100,5.4,,0,500,148,0.7,4.9,84
1,CA,28400,85.2,0.306,85700,80.1,1750,41.8,66200,100,75700,2170,500,985,90,0.6,0,26.8,,0.08,390,127,1.7,5.4,71
1,CA,12900,647,0.105,138000,57.6,1200,50.4,47400,3100,75400,2120,1500,927,70,0.5,800,17.15,,0.12,250,57,0.8,3,29
1,K,23500,80.8,0.01,125500,52.9,1390,912,47000,300,29300,1530,100,556,70,6.2,900,1.29,,0,750,95,2.2,7.7,51
1,K,21100,457,0.037,146000,79.2,1490,35.5,55400,5300,69700,2620,8000,1010,80,0.5,700,47.2,,0.05,330,86,1,5.6,47
1,K,77700,75.4,0.002,25200,45.8,9,75.6,73000,3700,18200,1240,36100,55.7,670,1.5,700,2.67,,0,7770,495,1.5,12.4,133
1,K,88700,53.6,0.003,14600,49.8,22,91.9,96000,3100,22500,1460,35800,71.9,710,1.1,300,0.67,,0,4190,509,1.9,12.2,213
1,K,64100,49.3,0.016,52200,28,5,22.4,85700,500,11400,2690,28200,18.2,810,1.5,6100,1.39,,0,6040,159,2.6,15.3,142
1,K,36500,1665,1.855,121000,75.1,2450,140.5,86500,8400,57700,3280,11700,918,20,1.3,11300,3.25,,0.31,430,187,5.7,5.9,65
0,CA,26600,1485,0.05,121000,67.6,1640,26,63000,12600,52700,2940,1800,841,660,1.1,7600,5.97,,0.13,500,108,3.2,6.9,29
0,CA,31900,1870,0.163,139000,76.9,1700,5.7,64800,7800,62000,3100,12300,1050,30,0.5,4500,12.8,,0.1,380,111,2.7,6,34
0,CA,70100,122,0.006,35600,48.2,21,99.5,99800,3100,23000,1740,28300,69.1,510,0.5,800,1.23,,0,5260,434,1.7,8.5,152
0,CA,68600,120.5,0.01,52600,51.2,18,142,89300,600,25300,1870,25800,86.4,480,0.8,500,1.04,,0,5060,493,1.6,8,127
0,CA,61200,48.6,0.011,66100,36,360,89.7,55600,4500,47600,2020,24200,197.5,2290,12.7,100,59.6,,0.06,3420,147,0.9,20.9,120
0,CA,66400,92.4,0.008,39300,41.5,10,92.3,93200,1600,19700,2680,32200,45.4,580,0.7,800,3.34,,0,6790,412,3.6,9.3,121
0,CA,70600,111,0.004,27100,94.1,9,119,61500,1500,18600,1480,38100,284,620,0.9,1400,236,,0.06,9560,432,2,12.5,197
0,CA,66800,70,0.005,48600,46.4,7,91.2,78800,1100,16100,2190,31300,149,570,2.3,1700,60.9,,0.05,8750,390,2.2,10.6,131
0,CA,74500,74.1,0.005,28700,48.8,7,89.6,77200,5500,24500,1240,30500,124,650,0.8,2100,20.9,,0,6040,471,3.1,12.2,150
0,CA,71900,85.7,0.003,32500,53.8,15,113,86200,700,23200,1520,31600,112,580,3.4,2100,10.2,,0,7840,475,1.5,12.8,146
0,CA,74900,188.5,0.006,15900,56.9,11,75.3,66300,11500,19200,858,26600,145,640,2,1300,7.06,,0,4070,491,3.4,9.9,204
1,CA,38900,554,0.023,81300,118,2500,69.5,66800,8000,57900,2620,2300,1180,100,0.8,300,455,,0.06,860,165,0.8,5.2,95
1,CA,64800,171.5,0.382,71500,56.2,3580,105.5,56500,8900,43400,646,14300,856,160,1.6,1500,2.72,,0.18,2530,300,1.5,4.1,61
1,CA,95200,31.3,0.227,61300,38.3,6190,2.5,52100,21100,44500,558,24700,762,370,1.1,1000,1.41,,0.22,5380,515,2.8,11.1,63
1,CA,24000,1030,0.104,119500,72.7,1630,31.7,55600,100,103500,1500,100,897,170,3.1,2300,12.25,,0.09,530,102,1.4,4.9,57
1,CA,72000,65.5,0.003,42200,43.3,31,158,91300,2700,24000,2170,31600,58.5,560,0.8,1200,0.99,,0,7240,490,2.7,10.4,172
1,CA,69100,46,0.003,25700,44.8,23,105,94200,2000,21300,2350,30200,47.4,640,1.5,1600,1.05,,0,5920,444,2.5,12,175
1,CA,29400,322,0.003,98600,80.6,1560,56.2,64200,0,92100,1780,100,1080,30,0.5,300,11.05,,0,1350,123,0.8,5.2,57
1,CA,18300,748,0.011,147500,58.6,1450,4.5,50300,8400,70500,2560,2500,637,50,0,100,17.6,,0.09,340,86,1.2,4.6,30
1,CA,30300,723,0.166,119000,63.2,1890,25.5,96200,12900,38300,4570,700,609,100,1.9,3400,13.55,,0.21,570,127,1.9,4.2,38
1,CA,1200,10.9,0.005,900,1,55,1.9,8000,400,700,143,400,14.2,0,0,0,1.47,,0,0,3,0.1,0.2,2
1,CA,32100,2120,0.888,55200,72.6,1660,47.4,69300,13200,94900,1200,1800,949,50,1.1,3400,23.3,,0.16,670,130,2.8,2.8,62
1,CA,30600,1260,0.055,28400,88.9,1660,56.5,66600,500,112000,724,100,1340,80,1.6,100,16.65,,0.18,170,119,0.7,2.3,65
1,CA,45200,15,0.004,50900,93.5,2520,121.5,118500,8700,43800,3630,14800,1050,110,0.8,2900,1.1,,0.06,2760,192,0,7.4,94
1,CA,70600,48.1,0.005,28700,45.1,13,98.9,76800,13100,16800,1500,25600,104.5,720,2.1,2800,1.82,,0,4190,354,10.8,12.2,182
1,CA,66400,181,0.006,33600,49.9,13,100,66100,9200,14800,1780,32900,174,620,1.6,3500,7.45,,0,5690,406,8.2,10.5,184
1,CA,30800,101,0.002,109000,95.9,1600,27.4,65600,700,81000,2420,3300,1515,130,0.9,500,8.54,,0,700,124,0.5,5.6,127
1,CA,8900,1445,0.114,135500,50.6,983,5.3,41500,500,78200,1660,300,930,10,1.2,400,10.45,,0.06,140,47,1.5,3.9,34
1,CA,9400,1735,0.409,113000,49.3,1050,13.8,36500,4000,56800,1850,600,917,30,1.1,5500,6.67,,0.37,160,47,1.1,2.7,23
1,CA,20100,10000,1.275,100500,52.1,1190,7.6,61500,4100,41600,3170,8600,593,180,27.3,13500,16.2,,0.53,410,84,7.2,4.4,27
1,CA,71600,74.4,0.002,34900,42.5,13,99.5,99300,5400,15600,1960,24800,61.6,630,2,1300,1.24,,0,6620,455,3.7,11.3,202
